county,lat,lon,forest_kdry_metric,mill_kdry_metric,pulpwood_kdry_metric,Jesup -- Rayonier Advanced Materials Inc.,Oglethorpe -- International Paper Co.,Valdosta -- Packaging Corporation of America,"Conyers -- Pratt Industries USA, Inc.","Austell -- Sweetwater Paperboard Co., Inc.",Macon -- Irving Tissue Co.,Hawkinsville -- Hollingsworth & Vose Co.,Dublin -- Smurfit Westrock Paper USA,Rome -- International Paper Co.,Macon -- Graphic Packaging International Inc.,"Brunswick -- GP Cellulose, L.L.C.",Rincon -- Georgia-Pacific LLC,Port Wentworth -- International Paper Co.,Augusta -- Clearwater Paper Corp.,Albany -- Procter & Gamble Paper Products Co.,Austell -- Austell Boxboard Corp.
Appling,31.777144,-82.299627,79.45986061,0.0,134.1448562244698,30.91,120.14,110.2,198.36,193.09,127.92,82.34,73.23,252.35,123.84,70.51,94.39,84.43,135.58,130.67,191.99
Atkinson,31.30301,-82.883936,26.19672467,0.0,31.53420023279857,72.29,113.13,45.74,211.87,206.6,141.41,86.58,93.57,265.86,143.56,93.1,164.21,154.26,173.62,83.29,205.5
Bacon,31.555551,-82.444256,37.43925022,7.473163798,43.5634493395171,38.44,129.23,90.78,207.78,202.51,137.34,91.44,87.31,261.77,133.26,69.93,117.47,107.51,154.62,118.06,201.41
Baker,31.34392,-84.455535,4.776384982,0.0,28.96026972485244,181.26,86.48,84.32,204.48,199.21,134.02,101.57,143.92,218.78,136.16,202.07,248.57,252.79,258.35,31.93,198.1
Baldwin,33.08694,-83.263322,13.20669414,0.0,29.536311798553243,151.62,85.52,180.28,74.81,82.47,34.98,66.03,50.21,144.6,31.88,224.51,159.57,163.79,93.31,136.01,81.37
Banks,34.33786,-83.497003,5.446911974,0.0,1.205121103844538,247.41,187.53,296.89,70.92,95.41,152.54,197.16,152.07,120.69,125.43,315.84,226.49,242.16,127.87,252.62,96.42
Barrow,33.984861,-83.699648,1.945699806,0.0,3.394248184328906,225.9,139.35,248.71,35.71,70.47,104.36,148.98,130.76,95.75,94.91,307.51,218.17,233.84,119.54,204.44,71.49
Bartow,34.239468,-84.840698,18.74167739,0.0,67.45356492567912,283.45,166.33,275.69,73.42,69.0,131.34,175.96,186.76,23.45,134.94,356.34,291.41,295.63,195.94,231.42,70.01
Ben Hill,31.746273,-83.235588,12.83290807,215.9014149,8.093294925683427,96.72,78.86,77.41,163.0,157.73,92.54,43.67,70.71,216.99,94.68,129.0,163.14,167.36,166.75,65.33,156.62
Berrien,31.256138,-83.244371,28.07116806,34.56000206,13.124900231378913,103.04,101.55,31.23,200.29,195.02,129.83,79.31,107.76,254.28,131.98,123.86,194.97,185.02,198.16,71.71,193.92
Bibb,32.809588,-83.694562,7.989814958,0.0,1.8428488556713898,157.91,53.47,148.22,75.76,70.49,3.66,48.5,61.22,129.75,6.45,230.8,165.87,170.09,128.63,103.95,69.39
Bleckley,32.430531,-83.33118,20.42316337,0.0,27.082751997663586,112.97,52.75,130.37,112.98,107.71,42.54,14.95,32.91,166.97,38.46,152.56,137.56,141.78,132.03,86.1,106.61
Brantley,31.192855,-81.994357,38.11184461,108.5591979,140.48880808974928,30.57,169.62,86.67,268.37,263.09,197.91,131.16,124.95,322.36,175.55,37.69,108.8,98.85,178.82,139.78,261.99
Brooks,30.833656,-83.595839,16.62052416,0.0,37.056608343895746,123.15,126.57,23.11,225.31,220.04,154.85,122.4,155.49,279.3,157.0,143.17,214.28,204.33,279.18,70.7,218.94
Bryan,32.003489,-81.424102,28.46259595,0.0,28.071633409114078,45.9,189.74,148.59,232.58,227.31,162.15,145.07,107.45,286.57,158.06,66.08,34.52,24.57,126.83,216.21,226.21
Bulloch,32.384634,-81.744832,62.43136936,0.0,70.53374077231527,72.31,159.79,164.28,203.24,197.36,132.19,115.11,77.5,256.62,128.11,108.75,43.82,48.04,85.25,186.26,196.25
Burke,33.048225,-81.957598,91.31571507,0.0,130.30109212364042,120.17,176.39,192.79,152.89,179.36,125.85,128.03,83.5,222.68,122.19,157.87,72.02,87.69,34.9,199.18,180.49
Butts,33.282508,-83.954816,10.68322472,0.0,21.019366614787476,189.07,79.8,189.16,35.26,35.47,44.81,89.43,92.38,94.73,40.56,261.96,197.03,201.25,130.73,144.89,34.36
Calhoun,31.531178,-84.614328,4.671498848,0.0,17.068979331947794,184.97,71.82,107.48,201.53,173.43,136.9,104.44,146.8,201.4,139.04,205.79,251.44,255.66,261.22,32.13,173.64
Camden,30.929821,-81.622507,56.47449852,0.0,208.20477421574998,63.76,208.82,125.86,321.71,316.44,251.28,171.85,196.58,375.7,247.19,31.56,108.63,98.68,215.96,178.97,315.34
Candler,32.414658,-82.093078,20.514129,0.0,34.48108382951006,69.63,136.28,145.59,179.12,173.85,108.68,91.6,53.99,233.11,104.6,126.41,61.47,65.69,80.93,162.75,172.74
Carroll,33.5588,-85.064127,45.66888367,0.0,31.380614794759982,261.88,124.27,254.11,71.91,49.65,109.77,154.39,165.19,38.63,113.36,334.77,269.83,274.05,194.44,168.24,49.86
Catoosa,34.891114,-85.131315,5.619195374,0.0,12.033213265894105,336.36,219.24,328.59,126.33,121.91,184.25,228.87,239.67,79.15,187.84,409.25,344.31,348.53,248.85,284.33,122.92
Charlton,30.877539,-82.118585,73.55398566,0.0,244.58052815584293,55.92,178.09,95.13,276.83,271.56,206.37,139.62,142.36,330.82,188.31,58.9,134.16,124.21,203.81,148.24,270.45
Chatham,31.966889,-81.062601,9.431620276,311.9076808,13.515061442872954,67.21,205.35,186.07,248.19,242.92,177.75,160.67,123.06,302.18,173.67,77.59,28.99,13.58,131.85,231.82,241.82
Chattahoochee,32.332028,-84.79398,7.784177492,0.0,9.489302414320854,195.76,50.13,149.38,141.08,112.98,90.0,86.32,128.89,140.96,92.14,243.49,233.53,237.75,214.33,68.63,113.19
Chattooga,34.462093,-85.366052,19.43494579,10.01417471,27.8643637995533,324.0,206.88,316.24,113.97,109.55,171.89,216.51,227.31,44.57,175.49,396.89,331.95,336.17,236.49,247.81,110.56
Cherokee,34.239126,-84.472027,12.31275003,0.0,29.75086360067819,275.38,158.26,267.61,65.35,60.92,123.26,167.89,178.68,43.35,126.86,348.27,283.33,287.55,187.87,223.34,61.94
Clarke,33.945869,-83.355782,1.629525311,0.0,1.9470279710934166,214.95,136.11,241.35,47.24,75.26,93.26,141.62,119.59,116.47,92.95,283.38,194.04,209.7,95.41,197.08,76.4
Clay,31.573818,-84.980081,6.544839626,0.0,42.19455041983156,213.94,94.1,136.45,203.17,175.07,145.73,126.64,168.99,203.05,147.87,234.75,273.64,277.86,270.06,67.56,175.29
Clayton,33.520496,-84.359171,0.667246717,0.0,2.669131737330515,221.03,96.13,213.26,26.14,3.01,68.91,113.54,124.33,63.39,72.51,293.92,228.98,233.2,147.49,145.66,4.03
Clinch,30.893878,-82.692347,103.313531,16.32782621,166.70454831418894,79.77,150.05,50.98,248.79,243.52,178.33,119.67,126.66,302.78,180.47,99.79,170.9,160.95,216.29,120.21,242.42
Cobb,33.937395,-84.573201,0.772091503,0.0,15.112569158670684,254.61,137.49,246.84,44.58,40.15,102.49,147.12,157.91,34.48,106.09,327.5,262.56,266.78,167.1,202.57,39.03
Coffee,31.530181,-82.840569,37.28488429,0.0,43.339845683192706,73.95,106.48,60.47,197.01,191.74,118.16,69.55,76.54,251.0,122.49,99.1,138.88,128.93,157.52,90.86,190.64
Colquitt,31.18036,-83.769615,24.66822635,85.53797706,57.934836543376896,133.9,98.37,39.53,199.17,193.89,128.71,96.25,129.34,253.16,130.85,154.71,225.82,215.87,253.04,43.81,192.79
Columbia,33.53131,-82.256398,28.04498099,0.0,20.362422714650723,163.39,174.02,268.78,109.34,135.8,123.48,128.15,98.32,179.12,120.38,207.08,117.74,133.41,19.11,224.51,136.93
Cook,31.145512,-83.433157,15.07548663,0.0,7.299974560701316,109.67,95.94,25.26,194.68,189.41,124.23,91.77,124.86,248.67,126.37,129.69,200.81,190.86,248.55,63.1,188.31
Coweta,33.350066,-84.754573,19.18823596,0.0,61.1754051010866,235.2,101.56,227.44,57.44,28.5,83.09,127.71,138.51,61.98,86.69,308.09,243.16,247.38,179.96,150.36,28.72
Crawford,32.721268,-83.982534,19.56174637,0.0,69.26815589434757,162.19,34.48,152.48,78.57,65.91,22.16,52.75,81.84,132.56,27.07,201.79,186.48,190.7,149.25,92.07,65.36
Crisp,31.915226,-83.77777,6.854398439,0.0,10.877712444765836,127.92,39.31,84.75,138.05,132.78,67.59,35.14,77.49,192.04,69.74,169.71,182.14,186.36,191.92,38.02,131.68
Dade,34.872208,-85.499879,0.874496756,0.0,8.19166309749786,370.28,253.16,362.52,160.25,155.83,218.17,262.79,273.59,86.05,221.77,443.17,378.23,382.45,282.77,318.25,156.84
Dawson,34.407708,-84.135677,5.411903988,0.0,7.412558561934367,292.4,175.28,284.64,73.19,77.95,140.29,184.91,195.71,78.5,143.89,365.29,260.95,304.57,162.32,240.37,78.96
DeKalb,33.757561,-84.218651,0.676177888,0.0,4.35469324568568,234.63,117.5,226.86,16.01,25.38,82.51,127.13,137.93,58.43,86.11,307.52,242.58,246.8,138.53,182.59,26.39
Decatur,30.873661,-84.574095,21.10816217,0.0,83.40534467639502,184.37,117.35,84.32,253.0,224.9,164.95,132.5,174.85,252.88,167.09,204.39,275.5,265.55,289.28,62.79,225.12
Dodge,32.150651,-83.152013,60.78296179,0.0,27.57113859761391,87.51,61.05,120.43,136.28,131.0,71.86,23.25,34.87,190.27,61.75,127.11,132.69,136.91,135.26,89.54,129.9
Dooly,32.154238,-83.825382,20.13924033,0.0,14.861469323313829,138.56,21.83,102.03,123.35,118.08,52.9,28.93,71.28,177.34,55.04,186.99,175.93,180.15,177.22,51.38,116.98
Dougherty,31.542698,-84.196083,5.196480824,0.0,32.576746785333484,157.04,61.35,79.55,179.43,174.15,108.97,76.51,118.87,210.11,111.11,177.86,223.51,227.73,233.29,6.79,173.05
Douglas,33.699556,-84.762297,6.396124595,0.0,7.242875151238253,259.02,141.9,251.25,49.5,33.38,106.9,151.53,162.32,37.08,110.5,331.91,266.97,271.19,172.03,179.81,33.59
Early,31.345434,-84.928206,16.87274706,0.0,59.73527845701502,207.56,100.04,123.6,213.35,185.25,151.68,127.03,169.38,213.23,153.82,228.37,274.03,278.25,276.0,57.39,185.46
Echols,30.696803,-82.907876,29.14759475,0.0,93.63306032240106,107.35,150.08,26.9,248.82,243.55,178.36,145.91,144.41,302.81,180.5,127.37,198.48,188.53,224.46,108.13,242.44
Effingham,32.341963,-81.338687,68.79069422,110.0916923,65.87938093424212,84.46,190.5,203.33,219.02,228.07,162.91,145.83,108.22,287.34,158.82,94.85,9.0,24.67,98.47,216.97,226.97
Elbert,34.119432,-82.840841,27.2290468,0.0,3.4296807877164497,203.2,172.43,277.66,81.85,109.87,129.57,177.94,144.27,152.79,129.27,271.63,182.28,197.95,83.66,233.39,111.0
Emanuel,32.608015,-82.291685,62.59951796,435.0706487,194.80547285212933,85.78,129.55,149.63,154.31,167.12,101.96,84.88,47.27,226.39,97.87,146.03,77.62,85.31,69.5,156.02,166.02
Evans,32.161365,-81.898072,15.48207546,0.0,16.480367433461,49.56,158.22,141.54,201.07,195.79,130.63,113.55,75.94,255.06,126.54,87.57,45.57,50.14,101.16,157.7,194.69
Fannin,34.886795,-84.271558,3.141208776,0.0,0.24897349876959743,330.74,213.62,322.97,120.71,116.29,178.62,223.25,234.05,85.86,182.22,403.63,305.0,342.91,206.37,278.7,117.3
Fayette,33.389927,-84.495376,0.65586223,0.0,2.4329950560000717,227.97,100.67,220.2,44.54,11.09,75.85,120.48,131.28,69.86,79.45,300.86,235.92,240.14,167.06,148.13,11.31
Floyd,34.242198,-85.222925,40.26883278,356.417628,52.10224982067032,308.8,191.68,301.04,98.77,94.35,156.69,201.31,212.11,24.68,160.29,381.69,316.75,320.97,221.29,227.92,95.36
Forsyth,34.235309,-84.133564,5.174566376,0.0,3.8973103721122087,275.15,158.02,267.38,55.74,60.69,123.03,167.66,178.45,64.0,126.63,348.04,254.79,287.32,156.16,223.11,61.71
Franklin,34.367864,-83.215658,8.371870626,0.0,9.117853946767449,232.03,197.78,307.14,81.17,105.66,162.79,207.42,155.0,130.94,128.35,300.46,211.12,226.79,112.49,262.87,106.67
Fulton,34.058115,-84.296171,13.29614368,0.0,5.4020485552319935,259.24,142.11,251.47,45.34,44.78,107.12,151.75,162.54,52.28,110.72,332.13,267.19,271.41,167.86,207.2,45.8
Gilmer,34.685979,-84.452696,10.98961352,19.76467024,3.7176550483800725,312.49,195.37,304.72,102.46,98.04,160.38,205.0,215.8,67.61,163.97,385.38,320.44,324.66,190.55,260.45,99.05
Glascock,33.216883,-82.6112,19.64582067,0.0,7.804775213325386,135.67,141.59,236.34,100.83,127.3,91.04,95.95,66.11,170.62,87.38,199.65,117.83,133.5,48.57,192.07,128.43
Glynn,31.217173,-81.501268,36.39314542,248.9176542,114.06399650668288,37.17,183.06,120.43,293.99,288.71,223.55,145.26,168.86,347.98,219.46,4.88,80.91,70.96,188.23,173.54,287.61
Gordon,34.501965,-84.898631,15.45864492,0.0,30.956991199464934,304.02,186.89,296.25,93.99,89.56,151.9,196.53,207.32,46.81,155.5,376.91,311.97,316.19,216.51,251.98,90.58
Grady,30.867067,-84.232294,24.01079289,0.0,57.34452244648137,161.13,112.94,61.09,224.68,219.41,154.22,121.77,164.12,263.53,156.37,181.15,252.26,242.31,278.55,58.38,218.31
Greene,33.549299,-83.166094,42.69320479,0.0,56.85477886817922,178.07,128.01,222.77,63.33,89.79,77.47,123.04,95.28,133.11,74.37,244.82,156.72,172.38,71.01,178.5,90.92
Gwinnett,33.956687,-84.022747,7.860671322,0.0,11.880658471127278,258.83,141.7,251.06,23.81,49.58,106.71,151.34,162.13,74.86,110.31,331.72,237.26,271.0,138.64,206.79,50.59
Habersham,34.627074,-83.501676,7.272978188,13.19522739,2.1784490931024227,263.84,197.42,306.77,97.78,105.29,162.43,207.05,175.17,130.57,166.02,332.26,242.92,258.59,144.3,262.5,106.31
Hall,34.29059,-83.819403,5.532226714,0.0,15.883970032123834,282.94,165.81,275.17,66.18,73.69,130.82,175.45,186.24,98.97,134.42,355.83,236.6,252.27,137.97,230.9,74.7
Hancock,33.259656,-82.998814,49.74717632,0.0,127.44563642409537,154.61,108.01,202.76,82.36,108.82,57.46,85.24,67.66,152.14,54.36,223.26,143.6,162.54,72.35,158.49,109.96
Haralson,33.78127,-85.200129,24.06454531,0.0,32.98714230123883,288.86,149.11,281.09,79.34,74.41,136.74,181.37,192.16,28.38,140.34,361.75,296.81,301.03,201.87,186.87,73.16
Harris,32.725179,-84.910464,27.79827116,0.0,36.40803968023278,215.81,75.04,191.1,111.63,83.53,84.41,106.37,135.85,111.51,89.32,255.4,240.5,244.72,234.15,110.35,83.74
Hart,34.341053,-82.950328,5.853225145,0.0,2.366774723092721,221.98,176.83,282.06,86.47,126.61,133.97,182.34,160.31,151.89,133.66,290.41,201.07,216.74,102.44,237.79,127.63
Heard,33.278622,-85.113782,23.68414356,0.0,82.52060593711836,261.31,109.91,228.42,78.02,49.9,109.19,136.28,164.61,62.5,112.79,334.2,269.26,273.48,200.54,147.67,50.11
Henry,33.451994,-84.136777,12.26809417,0.0,17.14348201171968,207.41,90.29,199.64,19.27,18.56,55.29,99.92,110.71,77.33,58.89,280.3,215.36,219.58,134.22,155.37,18.6
Houston,32.465975,-83.631394,17.27795762,425.1545086,16.409564917037297,128.8,33.39,128.14,104.71,99.44,34.25,19.37,56.19,158.7,36.39,168.4,160.83,165.06,149.13,83.87,98.34
Irwin,31.573011,-83.262451,16.01133006,0.0,7.496018988071108,99.41,81.75,56.3,180.49,175.22,110.03,56.27,84.72,234.48,112.17,130.34,171.51,154.39,175.12,65.19,174.11
Jackson,34.128256,-83.575339,6.641456157,0.0,7.432609909961051,237.82,172.32,281.67,46.49,80.19,137.32,181.95,138.78,105.47,112.14,306.25,216.91,232.58,118.28,237.4,81.21
Jasper,33.325463,-83.686856,30.79186752,335.2331468,67.81569564676224,188.47,83.68,190.11,41.93,52.6,40.83,90.38,81.08,111.71,39.89,261.36,196.43,200.65,114.3,145.84,51.5
Jeff Davis,31.774687,-82.680073,34.01012143,205.6472245,86.14652012471649,55.25,109.33,80.99,187.88,182.6,117.44,71.53,67.41,241.87,113.35,94.85,105.6,110.23,134.66,100.55,181.5
Jefferson,33.038039,-82.436141,39.25442812,143.3332984,150.65132789744771,116.28,142.57,183.01,119.89,146.35,92.03,92.22,52.94,189.67,88.37,180.26,98.29,119.55,44.83,163.37,147.49
Jenkins,32.779314,-81.961357,41.60299543,0.0,48.70361082072991,98.41,157.74,173.09,169.62,196.08,130.15,113.07,75.46,239.4,126.06,142.09,62.77,81.38,51.63,184.21,197.22
Johnson,32.693861,-82.637487,39.90634851,0.0,77.92957441036114,104.34,102.61,153.95,127.81,136.04,70.44,64.81,25.52,195.3,66.78,172.99,108.05,112.27,79.25,135.96,134.93
Jones,33.013767,-83.556672,22.64355183,0.0,69.86069435932421,163.89,68.95,163.7,61.54,74.29,18.4,63.98,67.2,133.55,15.3,236.78,171.84,176.06,120.07,119.43,73.19
Lamar,33.06494,-84.144595,20.77599977,294.667119,4.901548560480613,188.27,60.17,180.5,52.58,38.23,36.15,80.78,91.57,106.57,39.75,261.16,196.22,200.44,153.18,115.65,37.68
Lanier,31.029016,-83.076836,7.207234842,0.0,22.82616351693809,87.18,119.94,19.6,218.69,213.41,148.23,115.77,116.16,272.68,150.37,107.2,178.32,168.37,196.21,86.91,212.31
Laurens,32.423997,-82.938894,98.2814775,0.0,94.38364010832437,96.33,75.84,126.2,129.73,124.46,59.29,38.04,9.26,183.72,55.21,135.93,113.91,118.13,109.64,109.19,123.35
Lee,31.762016,-84.134621,9.53485249,0.0,17.059808966685132,153.5,44.23,92.36,160.52,140.43,90.06,60.62,102.97,214.51,92.2,187.02,207.62,211.84,214.38,10.96,139.88
Liberty,31.803163,-81.483441,42.34588145,0.0,81.98286505722133,34.31,179.75,137.0,257.41,252.14,186.98,141.96,132.28,311.4,182.89,52.43,44.33,34.38,135.13,189.29,251.04
Lincoln,33.787667,-82.450817,16.31179231,0.0,32.105721648398216,182.34,179.53,274.28,114.84,141.31,128.98,146.26,114.33,177.05,125.89,226.02,136.68,152.35,36.51,230.02,142.44
Long,31.77049,-81.753725,53.69729011,0.0,71.54337105781717,18.41,163.86,121.11,229.35,224.07,158.91,126.06,104.22,283.34,154.82,56.43,68.72,58.76,138.26,173.4,222.97
Lowndes,30.819562,-83.262826,22.73176093,365.0942507,119.56216149546738,102.07,123.19,3.37,221.94,216.66,151.48,119.02,136.62,275.92,153.62,122.09,193.2,183.25,216.67,84.61,215.56
Lumpkin,34.554608,-83.992681,3.474335958,0.0,2.428267813159864,301.27,184.15,293.5,82.05,86.81,149.15,193.78,204.57,87.73,152.75,374.16,259.89,275.56,161.26,249.23,87.83
Macon,32.342145,-84.046885,27.07881568,0.0,39.81260397339954,150.82,4.09,123.47,107.24,94.58,49.05,41.38,87.39,161.23,51.19,190.42,192.03,196.25,173.38,58.92,94.03
Madison,34.130753,-83.181741,7.446226375,0.0,2.044252026779354,219.72,155.25,260.48,64.89,107.64,112.39,160.76,138.73,132.92,112.08,288.15,198.8,214.47,100.18,216.21,108.65
Marion,32.347326,-84.52826,25.05551943,0.0,77.53337942099083,179.93,34.3,146.93,125.57,90.24,73.83,70.49,112.72,138.05,75.97,219.52,217.36,221.58,198.15,62.34,90.45
McDuffie,33.463184,-82.48302,19.85531728,0.0,26.232497250568073,146.86,144.28,239.04,98.07,124.53,93.74,117.77,87.93,167.85,90.64,208.68,120.58,136.25,34.97,194.77,125.67
McIntosh,31.497969,-81.392157,29.59828812,0.0,98.6394464488467,39.6,185.04,140.23,275.6,270.33,205.17,147.24,150.47,329.59,201.08,31.75,62.52,52.57,169.85,193.35,269.23
Meriwether,33.037358,-84.67178,25.63301339,166.546081,45.712989248523094,215.39,80.44,204.08,83.22,41.06,71.94,105.95,131.6,86.65,78.12,254.98,236.24,240.46,205.74,120.38,41.27
Miller,31.159106,-84.737836,5.693897457,0.0,6.6357895327773955,202.03,107.51,104.9,229.96,201.86,155.04,122.59,164.94,229.84,157.19,222.85,269.59,273.81,279.37,52.95,202.08
Mitchell,31.260876,-84.179418,18.48118488,0.0,29.019880498615205,162.17,87.79,69.49,199.53,194.26,129.07,96.62,129.58,238.38,131.21,182.98,227.4,231.62,253.4,33.23,193.16
Monroe,33.014234,-83.904416,32.88545539,0.0,41.2202848303742,175.56,60.1,167.79,57.35,52.08,23.44,68.07,78.87,111.34,27.04,248.45,183.51,187.73,142.79,123.52,50.97
Montgomery,32.083914,-82.539273,25.03208889,0.0,64.60623087054098,60.36,104.3,107.51,169.0,163.72,98.56,66.5,43.87,222.98,94.47,99.96,106.46,110.68,115.41,122.52,162.62
Morgan,33.579319,-83.505152,18.26479693,0.0,34.36565468849068,193.48,107.53,211.96,36.06,62.52,64.67,112.24,92.07,105.84,63.56,266.37,178.93,205.65,93.22,167.69,63.66
Murray,34.785186,-84.735226,23.21277618,0.0,16.9049354130156,321.76,204.64,314.0,111.73,107.31,169.65,214.27,225.07,65.55,173.25,394.65,329.72,333.94,234.25,269.73,108.32
Muscogee,32.484065,-84.850217,24.86118375,0.0,1.6991231426367726,209.0,68.23,167.98,129.55,85.32,90.15,99.56,129.04,129.43,92.29,248.59,233.69,237.91,214.48,87.23,85.53
Newton,33.571551,-83.84461,8.886239945,0.0,7.771517994468408,212.42,102.98,212.33,14.73,36.94,67.99,112.61,103.88,84.51,63.9,285.31,199.22,224.59,113.51,168.06,36.27
Oconee,33.829579,-83.427592,4.70333682,0.0,1.2641003074072674,210.64,125.75,230.98,44.86,71.32,82.89,131.25,109.22,117.67,82.58,283.53,186.38,202.05,100.67,186.71,72.46
Oglethorpe,33.870268,-83.104938,25.61785245,0.0,14.688985172657038,198.63,148.7,243.45,63.91,91.93,98.16,143.73,119.24,133.14,95.06,267.06,177.71,193.38,79.09,199.19,93.06
Paulding,33.890853,-84.856916,24.25061138,0.0,34.074670431903705,267.45,150.33,259.68,57.94,53.0,115.33,159.96,170.76,16.62,118.93,340.34,275.4,279.62,180.46,197.49,51.76
Peach,32.554346,-83.835073,3.814905783,0.0,7.666739668594687,141.85,28.69,132.13,97.49,92.21,27.03,32.41,60.89,151.48,29.17,181.44,165.53,169.75,151.36,87.86,91.11
Pickens,34.463062,-84.46824,9.260990797,0.0,16.400328644043032,293.55,176.43,285.78,83.52,79.1,141.43,186.06,196.85,55.2,145.03,366.44,301.5,305.72,206.04,241.51,80.11
Pierce,31.343007,-82.235219,52.3782884,277.4265571,86.65582316689493,32.34,157.74,75.61,228.74,223.47,158.3,111.87,103.61,282.73,154.21,59.22,107.26,97.31,166.4,127.9,222.36
Pike,33.081484,-84.396948,15.91347309,0.0,13.773148250486932,204.8,75.58,197.04,54.43,37.56,52.69,97.31,108.11,99.79,56.29,277.69,212.76,216.98,165.84,119.64,37.0
Polk,33.998158,-85.156747,10.87507951,0.0,22.327676066262985,286.84,169.71,279.07,77.32,72.39,134.72,179.35,190.14,9.41,138.32,359.73,294.79,299.01,199.84,208.73,71.14
Pulaski,32.233052,-83.46744,25.27466391,0.0,13.445985525710094,113.07,39.5,115.09,122.9,117.63,52.44,3.57,45.79,176.89,54.59,152.66,150.44,154.66,135.43,70.82,116.53
Putnam,33.32315,-83.341417,19.53004622,0.0,36.993202284321825,169.57,98.49,193.24,56.88,71.99,47.94,93.52,68.16,126.66,44.84,242.46,177.52,181.74,93.11,148.97,70.89
Quitman,31.876985,-85.015441,8.574200251,0.0,44.736059244971955,215.92,74.54,142.63,179.79,151.69,127.33,110.73,160.04,179.67,129.47,236.73,264.69,268.91,251.66,61.88,151.9
Rabun,34.879612,-83.425136,3.553310668,0.0,0.020041686044490165,283.92,221.13,330.48,121.49,129.0,186.13,230.76,198.71,154.28,189.73,352.34,263.0,278.67,164.38,286.21,130.02
Randolph,31.762027,-84.746843,21.73251721,0.0,84.03059772328548,194.87,67.36,121.58,181.89,153.79,118.99,99.91,142.26,181.77,121.14,215.68,246.91,251.13,243.32,40.83,154.0
Richmond,33.385076,-82.09208,25.65093086,332.6414284,15.910822812795564,145.09,169.04,210.75,126.81,153.27,118.49,123.39,93.56,196.59,114.83,188.78,100.68,116.34,11.33,219.52,154.41
Rockdale,33.643028,-84.032206,1.0857989,0.0,1.4296155846851029,226.73,109.6,218.96,2.94,27.84,74.61,119.24,130.03,72.01,78.21,299.62,209.66,238.9,123.95,174.69,28.98
Schley,32.247895,-84.317552,18.33508856,0.0,35.008153122945835,164.31,18.68,133.02,122.22,99.69,69.99,54.87,104.19,161.92,72.13,203.9,208.84,213.06,194.32,48.89,99.13
Screven,32.762338,-81.627204,65.63859713,1.85476894,111.5807805908969,97.13,184.61,189.11,182.98,222.18,157.02,139.94,102.33,252.76,152.93,127.89,42.04,57.71,62.42,211.08,221.08
Seminole,30.951849,-84.878909,6.380688002,0.0,14.077723324333567,205.16,133.57,105.12,246.87,218.77,174.58,142.12,184.48,246.75,176.72,225.18,289.12,286.34,298.91,72.49,218.99
Spalding,33.25913,-84.277086,8.028957747,0.0,10.55311665600908,204.52,77.47,196.75,38.36,20.34,52.4,97.03,107.83,82.58,56.0,277.41,212.47,216.69,151.12,126.99,19.79
Stephens,34.55119,-83.297646,5.958800412,0.0,7.77767588828638,250.58,208.0,317.35,108.36,115.88,173.01,217.63,175.45,141.16,176.6,319.01,229.67,245.34,131.04,273.09,116.89
Stewart,32.073274,-84.848315,43.88127111,0.0,113.76308816132678,203.72,58.09,140.04,162.37,134.27,109.92,94.28,148.81,162.25,112.06,234.14,253.45,257.67,234.24,59.29,134.49
Sumter,32.048507,-84.186246,22.17907578,0.0,63.1567503689904,153.23,22.14,114.37,131.43,116.26,73.78,52.52,94.87,185.42,75.92,199.33,199.52,203.74,198.1,37.77,115.71
Talbot,32.698469,-84.505404,31.15021699,0.0,75.91987617301066,190.77,50.01,169.39,103.71,68.06,55.0,81.33,110.82,115.87,59.9,230.37,215.46,219.68,189.95,89.94,68.27
Taliaferro,33.582038,-82.904366,18.04289592,0.0,25.178100717900517,173.09,138.27,233.02,73.58,100.04,87.72,112.88,95.31,143.36,84.62,234.91,146.81,162.48,61.1,188.75,101.18
Tattnall,32.025279,-82.058069,35.90523883,0.0,91.90954706382212,39.94,136.23,129.51,199.55,194.28,129.11,98.43,74.42,253.54,125.03,79.3,67.25,67.4,110.89,154.46,193.18
Taylor,32.557755,-84.262834,28.47913515,0.0,44.44489482706989,168.08,27.32,146.7,99.94,77.41,49.24,58.65,88.13,139.65,51.38,207.68,192.78,197.0,173.57,71.38,76.86
Telfair,31.918233,-82.933938,69.64935468,0.0,69.59766792419471,70.28,87.34,92.03,166.08,160.81,95.64,49.54,45.61,220.07,91.56,109.88,132.4,136.62,136.01,94.26,159.71
Terrell,31.7616,-84.441023,7.135702775,0.0,18.155980133628155,173.96,48.14,100.67,186.58,139.52,99.77,80.68,123.04,186.46,101.91,194.77,227.68,231.9,224.1,19.92,138.96
Thomas,30.866862,-83.946058,27.98158069,333.7682625,11.486540396544523,144.38,115.91,44.34,216.05,210.78,145.59,113.14,153.76,270.04,147.73,164.4,235.51,225.56,269.92,61.36,209.67
Tift,31.458746,-83.517924,15.72602875,0.0,5.818537290392597,111.94,73.51,48.13,172.25,166.97,101.79,69.34,102.42,226.24,103.93,132.75,203.86,193.91,226.12,44.61,165.87
Toombs,32.129684,-82.329993,38.8478393,8.894101607,59.5299350179245,62.88,118.76,121.49,175.36,170.09,104.92,80.96,50.23,229.35,100.84,102.47,84.43,88.65,103.91,136.99,168.99
Towns,34.897165,-83.718277,0.667246717,0.0,0.18709655551263832,333.91,216.79,326.14,117.15,124.66,181.79,226.42,202.73,125.07,185.39,366.49,277.15,292.82,178.52,281.87,125.68
Treutlen,32.396098,-82.566619,15.56339322,0.0,61.50315280148798,81.3,97.93,130.92,149.57,144.29,79.13,60.13,24.44,203.56,75.04,120.9,88.21,92.43,91.82,128.06,143.19
Troup,33.023762,-85.025402,41.0999279,0.0,35.33135717973673,234.55,93.78,206.43,87.47,59.37,89.93,125.11,168.87,80.59,96.1,274.14,273.51,277.73,209.99,125.68,59.59
Turner,31.703159,-83.621441,7.531541114,0.0,1.1559728927969384,118.05,55.92,67.13,154.67,149.39,84.21,46.93,81.56,208.66,86.35,152.09,179.38,183.6,208.54,42.4,148.29
Twiggs,32.646791,-83.435164,45.59997031,0.0,70.14260025017214,135.8,59.77,154.52,105.1,99.82,34.66,31.76,39.11,159.09,30.57,208.69,143.75,147.97,129.75,110.26,98.72
Union,34.818027,-83.990397,2.078978244,0.0,0.0,346.59,229.47,338.82,129.83,125.67,194.47,239.1,249.89,105.61,198.07,382.47,293.13,308.8,194.5,294.55,126.68
Upson,32.864106,-84.290497,26.12091997,0.0,63.35518533857476,184.29,53.0,172.99,72.07,51.31,44.04,74.85,103.69,113.55,50.21,223.89,208.34,212.56,172.18,97.06,50.76
Walker,34.741861,-85.320969,9.291863982,0.0,12.716343478200935,339.35,222.23,331.59,129.32,124.9,187.24,231.86,242.66,65.08,190.84,412.24,347.31,351.53,251.84,287.32,125.91
Walton,33.762884,-83.740416,6.255541341,0.0,4.625883429385628,220.51,121.18,230.53,20.79,48.81,86.19,130.81,119.1,92.13,77.08,293.41,205.43,232.69,119.71,186.27,49.94
Ware,31.172723,-82.482934,75.37881144,0.0,110.0392348402362,49.13,144.3,56.68,243.04,237.77,172.58,105.83,112.83,297.03,158.77,69.17,140.29,130.33,182.12,114.46,236.67
Warren,33.412046,-82.694643,21.98336184,114.148295,65.7504938053967,151.82,133.9,228.65,87.03,113.49,83.35,111.12,73.33,156.81,80.25,213.64,125.54,141.21,47.94,184.38,114.63
Washington,32.961998,-82.774803,65.66478421,0.0,129.55477882997675,127.09,117.75,172.79,106.21,132.8,67.2,69.12,39.29,176.0,63.54,195.73,113.87,135.02,62.99,168.23,131.7
Wayne,31.56753,-81.913155,51.34734454,0.0,220.2717531194955,2.95,149.35,104.17,228.42,223.15,157.98,111.55,103.29,282.41,153.9,43.66,77.65,67.7,152.23,156.46,222.04
Webster,32.050618,-84.54731,20.84766967,0.0,39.18748615514886,184.03,38.4,126.27,142.88,113.06,90.65,74.59,123.91,168.4,92.79,220.38,228.55,232.77,214.98,45.53,119.79
Wheeler,32.112996,-82.756732,26.57436988,0.0,37.089741348221395,76.17,87.16,110.97,157.41,152.14,86.97,49.36,36.94,211.4,82.89,115.76,116.85,121.07,120.46,104.11,151.04
White,34.632261,-83.759604,3.211086923,8.401675102,0.03451623900926873,311.19,194.07,303.43,94.44,101.95,159.08,203.7,214.5,101.31,162.68,347.51,258.17,273.84,159.54,259.16,102.96
Whitfield,34.796929,-84.974503,10.09070765,0.0,8.56663784357378,324.67,207.55,316.91,114.64,110.22,172.56,217.18,227.98,67.46,176.16,397.56,332.63,336.85,237.16,272.64,111.23
Wilcox,31.960784,-83.437971,58.03056219,0.0,16.544694507826748,104.88,51.63,90.71,150.37,145.09,79.91,26.63,58.6,204.36,82.05,144.48,156.41,160.63,158.98,59.81,143.99
Wilkes,33.789843,-82.738598,41.95583184,0.0,33.35325168586307,178.21,154.1,248.85,89.43,115.89,103.55,135.02,119.28,162.49,100.46,246.64,157.29,172.96,58.67,204.59,117.03
Wilkinson,32.792499,-83.162356,53.42714974,0.0,53.61817556527461,128.2,86.32,164.13,97.8,101.37,35.77,48.71,26.79,160.63,32.11,201.09,136.15,140.37,106.63,119.86,100.26
Worth,31.524179,-83.87128,16.44134943,0.0,6.5096636856575705,135.52,68.97,69.98,167.71,162.44,97.25,64.8,102.94,221.7,99.39,156.34,200.76,204.98,221.58,22.26,161.33
