County,State,Thousand Dry Tonnes/Yr
Autauga,Alabama,0
Baldwin,Alabama,1.461503837
Barbour,Alabama,2.454244685
Butler,Alabama,0
Calhoun,Alabama,0
Chambers,Alabama,0
Cherokee,Alabama,0
Chilton,Alabama,157.9821418
Choctaw,Alabama,112.3453605
Clarke,Alabama,224.3526707
Baca,Colorado,0
Bent,Colorado,0
Boulder,Colorado,0
Broomfield,Colorado,0
Chaffee,Colorado,0
San Juan,Colorado,0
San Miguel,Colorado,0
Sutter,California,0
Tehama,California,0
Pitkin,Colorado,0
Hartford,Connecticut,6.231392612
Litchfield,Connecticut,3.617137483
Middlesex,Connecticut,0
New Haven,Connecticut,0
New London,Connecticut,1.677855985
Tolland,Connecticut,0
Windham,Connecticut,22.07468016
Crittenden,Arkansas,0
La Plata,Colorado,0.208576993
Larimer,Colorado,1.338678919
Summit,Colorado,0
Sarasota,Florida,0
Seminole,Florida,0
Sumter,Florida,49.44548062
Suwannee,Florida,0
Taylor,Florida,439.4653017
Union,Florida,128.121038
Volusia,Florida,0
Wakulla,Florida,0
Walton,Florida,0
Washington,Florida,0
Lincoln,Colorado,0
Logan,Colorado,0
Mesa,Colorado,0
Washington,Colorado,0
Weld,Colorado,0
Berrien,Georgia,34.56000206
Bibb,Georgia,0
Montgomery,Alabama,8.311528373
Dixie,Florida,207.1121089
Duval,Florida,146.4884339
Escambia,Florida,0
Flagler,Florida,0
Franklin,Florida,0
Gadsden,Florida,0
Gilchrist,Florida,1.668841312
Glades,Florida,0
Gulf,Florida,0
Hamilton,Florida,0
Colquitt,Georgia,85.53797706
Columbia,Georgia,0
Cook,Georgia,0
Coweta,Georgia,0
Alpine,California,0
Amador,California,0
Butte,California,0
Calaveras,California,0
Harris,Georgia,0
Hart,Georgia,0
Jerome,Idaho,0
Kootenai,Idaho,245.5371519
Latah,Idaho,0
Lemhi,Idaho,0
Lewis,Idaho,211.6194453
Mohave,Arizona,0
Navajo,Arizona,61.55894727
Pima,Arizona,0
Pinal,Arizona,0
Colusa,California,0
Contra Costa,California,0
Del Norte,California,0
El Dorado,California,0
Henry,Georgia,0
Houston,Georgia,425.1545086
Irwin,Georgia,0
Jackson,Georgia,0
Jasper,Georgia,335.2331468
Jeff Davis,Georgia,205.6472245
Jefferson,Georgia,143.3332984
Washington,Idaho,0
Adams,Illinois,13.96147459
Alexander,Illinois,5.687131738
Kern,California,0
Kings,California,0
Lake,California,0
Lanier,Georgia,0
Laurens,Georgia,0
Lee,Georgia,0
Liberty,Georgia,0
Lincoln,Georgia,0
Long,Georgia,0
Lowndes,Georgia,365.0942507
Lumpkin,Georgia,0
McDuffie,Georgia,0
McIntosh,Georgia,0
Macon,Georgia,0
Madison,Georgia,0
Marion,Georgia,0
Meriwether,Georgia,166.546081
Menard,Illinois,0
Marin,California,0
Mariposa,California,0
Mitchell,Georgia,0
Monroe,Georgia,0
Montgomery,Georgia,0
Morgan,Georgia,0
Murray,Georgia,0
Muscogee,Georgia,0
Newton,Georgia,0
Oconee,Georgia,0
Oglethorpe,Georgia,0
Woodford,Illinois,0
Howard,Arkansas,292.1880839
Independence,Arkansas,0
Izard,Arkansas,0
Pierce,Georgia,277.4265571
Pike,Georgia,0
Rooks,Kansas,0
San Bernardino,California,0
San Diego,California,0
San Francisco,California,0
San Joaquin,California,0
Pulaski,Georgia,0
Putnam,Georgia,0
Quitman,Georgia,0
Rabun,Georgia,0
Santa Cruz,California,0
Shasta,California,1596.72393
Sierra,California,0
Screven,Georgia,1.85476894
Seminole,Georgia,0
Spalding,Georgia,0
Stephens,Georgia,0
Stewart,Georgia,0
Sonoma,California,162.0387446
Stanislaus,California,0
Brown,Illinois,0
Bureau,Illinois,0.322049188
Calhoun,Illinois,0.724779698
Owsley,Kentucky,0
Pendleton,Kentucky,0
Perry,Kentucky,0.860675891
Pike,Kentucky,20.26047724
Powell,Kentucky,0
Pulaski,Kentucky,49.56943237
Robertson,Kentucky,0
Rockcastle,Kentucky,0
Rowan,Kentucky,42.67320763
Woodruff,Arkansas,0
Yell,Arkansas,0
Alameda,California,0
St. James,Louisiana,0
Jackson,Colorado,0
Jefferson,Colorado,0
Kiowa,Colorado,0
Kit Carson,Colorado,0
Lake,Colorado,0
Henry,Illinois,5.521487124
Ouray,Colorado,0
Park,Colorado,1.731944022
Jackson,Illinois,0
Saguache,Colorado,5.556418982
Genesee,Michigan,0.009200221
Pasco,Florida,0
Pinellas,Florida,0
Polk,Florida,0
Putnam,Florida,0
St. Johns,Florida,0
St. Lucie,Florida,0
Santa Rosa,Florida,3.282467754
McHenry,Illinois,0
McLean,Illinois,0
Macon,Illinois,5.124841519
Macoupin,Illinois,0
Madison,Illinois,3.257677403
Clay,Georgia,0
Clayton,Georgia,0
Clinch,Georgia,16.32782621
Cobb,Georgia,0
Coffee,Georgia,0
Mason,Illinois,14.35586652
Clearwater,Idaho,189.0827632
Custer,Idaho,0
Elmore,Idaho,0
Franklin,Idaho,0
Fremont,Idaho,0
Gem,Idaho,23.96776146
Gooding,Idaho,0.321035037
Idaho,Idaho,190.9983811
Jefferson,Idaho,0
Ogle,Illinois,0.025556598
Peoria,Illinois,0
Perry,Illinois,0
Monroe,Mississippi,0
Montgomery,Mississippi,0
Wayne,Georgia,0
McCreary,Kentucky,23.92268809
Pike,Illinois,7.624159568
Pope,Illinois,0
Pulaski,Illinois,0
Bates,Missouri,3.485297893
Bonneville,Idaho,0
McLean,Kentucky,7.175679593
Madison,Kentucky,0
Magoffin,Kentucky,0
Marion,Kentucky,4.750732595
Randolph,Illinois,0
Richland,Illinois,0
Rock Island,Illinois,0
St. Clair,Illinois,0
Franklin,Missouri,1.222615006
Gasconade,Missouri,3.088652287
Caribou,Idaho,0
Cassia,Idaho,0
Sangamon,Illinois,0
Schuyler,Illinois,0
Platte,Missouri,0
Teton,Idaho,20.99291941
Twin Falls,Idaho,0
Valley,Idaho,45.14097433
Shelby,Illinois,0
Owen,Kentucky,0
Christian,Illinois,0
Tazewell,Illinois,0
Caddo,Louisiana,0
Jefferson Davis,Louisiana,0
Lafayette,Louisiana,0
Lafourche,Louisiana,0
La Salle,Louisiana,0
Lincoln,Louisiana,0
Washington,Illinois,0
St. Bernard,Louisiana,0
St. Charles,Louisiana,0
St. Helena,Louisiana,0
Allen,Indiana,25.56786589
Bartholomew,Indiana,10.77478773
Anne Arundel,Maryland,11.01931073
Baltimore,Maryland,0
Calvert,Maryland,0
Caroline,Maryland,0
Carroll,Maryland,7.575705701
Berkshire,Massachusetts,3.17992585
Bristol,Massachusetts,0.718694793
Dukes,Massachusetts,0
Essex,Massachusetts,0.85966174
Franklin,Massachusetts,4.349579653
Hampden,Massachusetts,7.346958378
Norfolk,Massachusetts,0
Fulton,Illinois,8.56844655
Alger,Michigan,33.64726644
Clark,Indiana,0
Lake,Illinois,6.907493076
La Salle,Illinois,0
Crawford,Indiana,32.72326247
Daviess,Indiana,6.304636829
Dearborn,Indiana,15.12211372
Eaton,Michigan,13.96147459
Emmet,Michigan,9.374132936
Williamson,Illinois,0
Winnebago,Illinois,0
Dubois,Indiana,52.98373971
Floyd,Indiana,0
Fountain,Indiana,0
Valley,Montana,0
Wheatland,Montana,0
Wibaux,Montana,0
Yellowstone,Montana,0
Adams,Nebraska,3.972090227
Fulton,Indiana,17.92793064
Gibson,Indiana,0
Plymouth,Iowa,0
Crawford,Kansas,6.356471198
Hamilton,Indiana,0
Hancock,Indiana,0
Harrison,Indiana,0
Hendricks,Indiana,0
Barren,Kentucky,30.68369273
Bath,Kentucky,0
Nicholas,Kentucky,0
Beauregard,Louisiana,365.0942507
Bienville,Louisiana,0
Bossier,Louisiana,0
Jackson,Indiana,17.08280506
Cheboygan,Michigan,3.025549577
Marquette,Michigan,208.1262596
Mason,Michigan,0
Jefferson,Indiana,11.78668476
Jennings,Indiana,0
Johnson,Indiana,24.95937547
Knox,Indiana,7.536266508
Montcalm,Michigan,3.229506551
Becker,Minnesota,1.792793064
Beltrami,Minnesota,82.30396318
Lake,Indiana,0
LaPorte,Indiana,0
Lake of the Woods,Minnesota,5.153012371
Le Sueur,Minnesota,0
Madison,Indiana,0
Marion,Indiana,0
Kearney,Nebraska,0
Hunterdon,New Jersey,0
Mercer,New Jersey,0
Middlesex,New Jersey,0
Monmouth,New Jersey,0
Morris,New Jersey,0
Ocean,New Jersey,0
Passaic,New Jersey,0
Salem,New Jersey,0
Rockland,New York,0
St. Lawrence,New York,9.363991429
Saratoga,New York,3.488678395
Schenectady,New York,0
Schoharie,New York,0.797347814
Schuyler,New York,0
Seneca,New York,0
Monroe,Indiana,19.78720692
Alexander,North Carolina,11.5500496
Alleghany,North Carolina,0
Anson,North Carolina,12.84590882
Ashe,North Carolina,10.68238733
Morgan,Indiana,0
Avery,North Carolina,0
Bladen,North Carolina,0
Ohio,Indiana,0
Haywood,North Carolina,140.6288966
Henderson,North Carolina,0
Owen,Indiana,18.46881101
Parke,Indiana,31.64150172
Perry,Indiana,0
Pike,Indiana,0
Porter,Indiana,4.998636099
Posey,Indiana,5.857283688
Martin,North Carolina,451.2970599
Mecklenburg,North Carolina,0
Mitchell,North Carolina,8.100810395
Montgomery,North Carolina,519.921257
Moore,North Carolina,0
Putnam,Indiana,25.83830607
Orange,North Carolina,0
Rush,Indiana,0
St. Joseph,Indiana,0
Scott,Indiana,0
Union,North Carolina,0
Spencer,Indiana,0
Starke,Indiana,0
Baker,Oregon,0
Sullivan,Indiana,0
Switzerland,Indiana,0
Tippecanoe,Indiana,0
Benton,Oregon,213.0843296
Clackamas,Oregon,351.2341912
Clatsop,Oregon,0
Union,Oregon,205.9852748
Wallowa,Oregon,0
Wasco,Oregon,56.72482895
Washington,Oregon,224.3526707
Vanderburgh,Indiana,0
Vermillion,Indiana,0
Vigo,Indiana,0
Florence,South Carolina,322.7252882
Georgetown,South Carolina,311.3442638
Greenville,South Carolina,0
Greenwood,South Carolina,0
Warren,Indiana,0
Warrick,Indiana,0
Washington,Indiana,55.85716668
Kershaw,South Carolina,0
Wells,Indiana,0
White,Indiana,5.683751236
Saluda,South Carolina,0
Spartanburg,South Carolina,0
Sumter,South Carolina,0
Crockett,Tennessee,0
Cumberland,Tennessee,0
Davidson,Tennessee,0
Greene,Tennessee,11.13199414
Grundy,Tennessee,57.99815149
Hamblen,Tennessee,0
Smith,Mississippi,410.0549315
Kane,Utah,0
Millard,Utah,0
Morgan,Utah,0
Piute,Utah,0
Benton,Iowa,19.97876872
Buchanan,Virginia,0
Buckingham,Virginia,33.32048454
Campbell,Virginia,92.41166512
Caroline,Virginia,45.32126778
Carroll,Virginia,0
Gloucester,Virginia,23.07756251
Goochland,Virginia,0
Grayson,Virginia,69.04112574
Greene,Virginia,0
Barton,Missouri,12.77829877
Buchanan,Iowa,27.94548585
Highland,Virginia,0
Isle of Wight,Virginia,113.3595112
Mecklenburg,Virginia,0
Middlesex,Virginia,0
Montgomery,Virginia,62.69704971
Nelson,Virginia,0
Russell,Virginia,0
Scott,Virginia,0
Shenandoah,Virginia,1.677855985
Smyth,Virginia,0
Southampton,Virginia,34.72902718
Carroll,Iowa,0
Dunklin,Missouri,0
Johnson,Missouri,0
Phelps,Missouri,11.10156962
Pike,Missouri,14.91928358
Carter,Montana,0
Cascade,Montana,0
Glacier,Montana,0
Golden Valley,Montana,0
Petroleum,Montana,0
Phillips,Montana,0
Pondera,Montana,0
Douglas,Nebraska,0
Clayton,Iowa,0
Clinton,Iowa,0
Crawford,Iowa,0
Dallas,Iowa,0
Saunders,Nebraska,9.378640273
Clark,Nevada,0
Mineral,Nevada,0
Nye,Nevada,0
Des Moines,Iowa,0
Fulton,New York,4.319155132
Genesee,New York,0.506061197
Dubuque,Iowa,0
Duplin,North Carolina,0
Durham,North Carolina,0
Edgecombe,North Carolina,0
Fayette,Iowa,0
Carroll,Ohio,0
Pike,Ohio,42.5830609
Fremont,Iowa,0
Roger Mills,Oklahoma,0
Jackson,Oregon,190.0969139
Jefferson,Oregon,0
Josephine,Oregon,255.4532921
Perry,Pennsylvania,18.85193461
Philadelphia,Pennsylvania,0
Venango,Pennsylvania,24.89176542
Westmoreland,Pennsylvania,24.00156648
Harrison,Iowa,0
Chouteau,Montana,0
Custer,Montana,0
Anderson,South Carolina,0
Bamberg,South Carolina,14.9530886
Barnwell,South Carolina,0
Howard,Iowa,0
Granite,Montana,2.961320033
Hill,Montana,0
Jefferson,Montana,64.92818125
Judith Basin,Montana,0
Lake,Montana,25.16220561
Lewis and Clark,Montana,0.599025011
Clay,South Dakota,0
Iowa,Iowa,0
Jackson,Iowa,0
Antelope,Nebraska,0.114486345
Mellette,South Dakota,0
Bledsoe,Tennessee,0
Blount,Tennessee,4.662839535
Bradley,Tennessee,0
Campbell,Tennessee,0
Johnson,Iowa,0
McMinn,Tennessee,122.7122343
McNairy,Tennessee,35.84459294
Scott,Tennessee,33.16272777
Sequatchie,Tennessee,0
Sevier,Tennessee,0
Shelby,Tennessee,0
Smith,Tennessee,24.72274031
Kossuth,Iowa,0
Lee,Iowa,0
Linn,Iowa,0
Williamson,Tennessee,0
Wilson,Tennessee,0
Jasper,Texas,245.4244685
Lyon,Iowa,0
Grand Isle,Vermont,0
Lamoille,Vermont,5.406550045
Mahaska,Iowa,0
Burnett,Wisconsin,27.39333714
Calumet,Wisconsin,0
Dodge,Wisconsin,5.840381177
Klickitat,Washington,143.6713486
Lewis,Washington,960.1753426
Lincoln,Washington,0
Mason,Washington,354.3893267
Okanogan,Washington,0
Pacific,Washington,186.0403111
Dorado,Puerto Rico,0
Fajardo,Puerto Rico,0
Monona,Iowa,0
Monroe,Iowa,0
Mineral,West Virginia,0
Mingo,West Virginia,0
Monongalia,West Virginia,16.35036289
Muscatine,Iowa,0
Monroe,West Virginia,0
Morgan,West Virginia,0
Nicholas,West Virginia,204.8584407
Tucker,West Virginia,0
Tyler,West Virginia,0
Upshur,West Virginia,94.22586803
Bayfield,Wisconsin,1.47051851
Toa Alta,Puerto Rico,0
Toa Baja,Puerto Rico,0
Trujillo Alto,Puerto Rico,0
Utuado,Puerto Rico,0
Polk,Iowa,0
Pottawattamie,Iowa,0
Yauco,Puerto Rico,0
Natrona,Wyoming,0
Niobrara,Wyoming,0
Park,Wyoming,0.189082763
Sac,Iowa,0
Scott,Iowa,0
Platte,Wyoming,0
Sioux,Iowa,0
Naranjito,Puerto Rico,0
Orocovis,Puerto Rico,0
Patillas,Puerto Rico,0
Penuelas,Puerto Rico,0
Ponce,Puerto Rico,0
Quebradillas,Puerto Rico,0
Tama,Iowa,0
Wapello,Iowa,0
Warren,Iowa,0
Washington,Iowa,0
Woodbury,Iowa,0
Atchison,Kansas,1.051899639
Barton,Kansas,0
Bourbon,Kansas,0
Clay,Kansas,0
Cloud,Kansas,0
Coffey,Kansas,0
Ellis,Kansas,0
Ellsworth,Kansas,0
Finney,Kansas,0
Franklin,Kansas,0
Geary,Kansas,0
Graham,Kansas,0
Greenwood,Kansas,0.399688058
Hamilton,Kansas,0
Harvey,Kansas,0.037827821
Jackson,Kansas,0.132853741
Jefferson,Kansas,0
Jewell,Kansas,0.318894052
Johnson,Kansas,0
Labette,Kansas,0
Leavenworth,Kansas,0
Lyon,Kansas,0
Marion,Kansas,0
Marshall,Kansas,0
Miami,Kansas,0
Mitchell,Kansas,0
Montgomery,Kansas,0
Nemaha,Kansas,0
Neosho,Kansas,0
Ness,Kansas,0
Osage,Kansas,0
Reno,Kansas,0
Republic,Kansas,0
Russell,Kansas,0
Saline,Kansas,0
Sedgwick,Kansas,0
Shawnee,Kansas,0
Stanton,Kansas,0
Sumner,Kansas,0
Trego,Kansas,0
Wabaunsee,Kansas,0
Wallace,Kansas,0
Washington,Kansas,0
Wilson,Kansas,0
Wyandotte,Kansas,0
Campbell,Kentucky,0
Carlisle,Kentucky,11.83175812
Carroll,Kentucky,0
Carter,Kentucky,0
Casey,Kentucky,29.81603047
Christian,Kentucky,0
Clark,Kentucky,0
Clay,Kentucky,0
Elliott,Kentucky,0
Estill,Kentucky,5.485428433
Fayette,Kentucky,0
Fleming,Kentucky,15.75314082
Floyd,Kentucky,0
Lyon,Kentucky,0
Martin,Kentucky,0
Meade,Kentucky,0
Menifee,Kentucky,0
Mercer,Kentucky,0
Scott,Kentucky,0
Shelby,Kentucky,0
Spencer,Kentucky,2.82046577
Taylor,Kentucky,10.25306354
Gogebic,Michigan,53.3105216
Grand Traverse,Michigan,0
Houghton,Michigan,30.76257112
Huron,Michigan,1.613626441
Ingham,Michigan,0
Iosco,Michigan,10.6316798
Iron,Michigan,9.334693742
Isabella,Michigan,0
Jackson,Michigan,0.401716359
Kalkaska,Michigan,169.9265833
Kent,Michigan,4.643683355
Keweenaw,Michigan,0
Muskegon,Michigan,7.168918589
Newaygo,Michigan,0
Oakland,Michigan,0.232015143
Oceana,Michigan,20.76755259
Ogemaw,Michigan,0
Ontonagon,Michigan,0
Otsego,Michigan,0
Ottawa,Michigan,0
Presque Isle,Michigan,8.560558711
Roscommon,Michigan,0
Saginaw,Michigan,25.71435432
St. Clair,Michigan,0
Sanilac,Michigan,0
Carver,Minnesota,1.966325517
Cass,Minnesota,30.04139729
Chippewa,Minnesota,0
Chisago,Minnesota,1.207966163
Crow Wing,Minnesota,3.727567226
Dakota,Minnesota,0.107330949
Fillmore,Minnesota,12.21488172
Goodhue,Minnesota,3.458253874
Hennepin,Minnesota,0
Marshall,Minnesota,0.078709362
Meeker,Minnesota,0
Mille Lacs,Minnesota,7.175679593
Morrison,Minnesota,0.819884496
Nicollet,Minnesota,0
Norman,Minnesota,2.146618974
Olmsted,Minnesota,1.265434702
Pine,Minnesota,0.494792856
Polk,Minnesota,0
Ramsey,Minnesota,0.030672424
Redwood,Minnesota,0.015336212
Renville,Minnesota,0
Rice,Minnesota,0
Roseau,Minnesota,0.331176544
St. Louis,Minnesota,40.55475951
Scott,Minnesota,2.666089497
Sherburne,Minnesota,0
Sibley,Minnesota,0
Stearns,Minnesota,2.003511042
Keith,Nebraska,0
Keya Paha,Nebraska,0.268862618
Washington,Minnesota,0
Scotts Bluff,Nebraska,0
Seward,Nebraska,0
Sheridan,Nebraska,0
Amite,Mississippi,0
Attala,Mississippi,0
Somerset,New Jersey,0
Sussex,New Jersey,0
Union,New Jersey,0
Bolivar,Mississippi,0
McKinley,New Mexico,0
Mora,New Mexico,14.17557307
Brunswick,North Carolina,0
Buncombe,North Carolina,14.72772178
Burke,North Carolina,0
Cabarrus,North Carolina,0
Caldwell,North Carolina,0
Camden,North Carolina,0
Carteret,North Carolina,0
Jefferson,Mississippi,0
Jefferson Davis,Mississippi,0
Pamlico,North Carolina,0
Pasquotank,North Carolina,0
Lafayette,Mississippi,0
Holmes,Ohio,64.18447073
Huron,Ohio,0
Portage,Ohio,38.3010913
Haskell,Oklahoma,0
Hughes,Oklahoma,0
Jackson,Oklahoma,0
Jefferson,Oklahoma,0
Lee,Mississippi,0
Leflore,Mississippi,0
Kingfisher,Oklahoma,0
Kiowa,Oklahoma,0
Wheeler,Oregon,0.067463558
Yamhill,Oregon,355.1781105
Adams,Pennsylvania,8.727330159
Allegheny,Pennsylvania,51.15826846
Armstrong,Pennsylvania,16.51938801
Beaver,Pennsylvania,0
Bedford,Pennsylvania,52.01466238
Berks,Pennsylvania,5.094416998
Blair,Pennsylvania,0
Bradford,Pennsylvania,20.04637876
Bucks,Pennsylvania,6.82072685
Pike,Pennsylvania,0
Union,South Carolina,0
Williamsburg,South Carolina,0
York,South Carolina,294.667119
Custer,South Dakota,1.754480705
Sunflower,Mississippi,0
Tallahatchie,Mississippi,0
Tate,Mississippi,0
Hamilton,Tennessee,0
Hancock,Tennessee,0
Hardeman,Tennessee,50.45963131
Hardin,Tennessee,156.6299409
Hawkins,Tennessee,0
Haywood,Tennessee,0
Henderson,Tennessee,0
Henry,Tennessee,37.76021093
Hickman,Tennessee,15.66299409
Tishomingo,Mississippi,0
Tunica,Mississippi,0
Anderson,Texas,0
Jeff Davis,Texas,0
Jefferson,Texas,0
Warren,Mississippi,184.913477
Washington,Mississippi,0
Val Verde,Texas,0
Van Zandt,Texas,0
Victoria,Texas,0
Walker,Texas,0
Waller,Texas,0
Rich,Utah,0
Salt Lake,Utah,0
San Juan,Utah,0
Sanpete,Utah,0
Sevier,Utah,0
Summit,Utah,12.73322541
Tooele,Utah,0
Uintah,Utah,1.822090751
Utah,Utah,2.921880839
Wasatch,Utah,0
Washington,Utah,0
Wayne,Utah,0
Weber,Utah,0.611307503
Chariton,Missouri,0
Christian,Missouri,8.294625862
Clark,Missouri,8.409562941
Clay,Missouri,0
Clinton,Missouri,0
Cole,Missouri,0
Greene,Missouri,0
Bristol,Virginia,0
Henry,Missouri,0
Holt,Missouri,0
Howell,Missouri,69.0861991
Laclede,Missouri,1.381498615
Lafayette,Missouri,0
Lawrence,Missouri,16.72221815
Lincoln,Missouri,10.69252884
Linn,Missouri,0
Livingston,Missouri,0
Maries,Missouri,0
Marion,Missouri,0
Miller,Missouri,12.87971384
Mississippi,Missouri,0
Montgomery,Missouri,16.32782621
Morgan,Missouri,0
New Madrid,Missouri,0
Putnam,Missouri,0
Ralls,Missouri,0
Ray,Missouri,0
St. Charles,Missouri,0.967049031
St. Clair,Missouri,0
Ste. Genevieve,Missouri,9.661475633
Taney,Missouri,3.949553545
Texas,Missouri,54.12184216
Vernon,Missouri,0
Warren,Missouri,0
Washington,Missouri,26.32284474
Webster,Missouri,0
Boone,Nebraska,8.332938221
Box Butte,Nebraska,0
Boyd,Nebraska,0
Brown,Nebraska,0.111421357
Buffalo,Nebraska,0
Burt,Nebraska,0
Butler,Nebraska,5.194705233
Cass,Nebraska,0
Cedar,Nebraska,0
Chase,Nebraska,0
Cherry,Nebraska,0
Cheyenne,Nebraska,0
Clay,Nebraska,0
Colfax,Nebraska,0
Cuming,Nebraska,0.199336954
Dawes,Nebraska,0.071553966
Dawson,Nebraska,0
Fillmore,Nebraska,0
Franklin,Nebraska,0
Frontier,Nebraska,0
Furnas,Nebraska,0
Gage,Nebraska,0.032711994
Garden,Nebraska,0
Gosper,Nebraska,0
Hamilton,Nebraska,0
Harlan,Nebraska,0
Holt,Nebraska,0
Knox,Nebraska,0
Lancaster,Nebraska,0
Lincoln,Nebraska,0
Madison,Nebraska,2.973715208
Merrick,Nebraska,0
Morrill,Nebraska,0
Nance,Nebraska,0
Nemaha,Nebraska,0
Nuckolls,Nebraska,0
Otoe,Nebraska,0
Pawnee,Nebraska,0
Perkins,Nebraska,0
Phelps,Nebraska,0
Pierce,Nebraska,0
Platte,Nebraska,0
Polk,Nebraska,0.177927105
Sioux,Nebraska,0
Stanton,Nebraska,0
Thayer,Nebraska,0
Thurston,Nebraska,0
Hampton,Virginia,0
Washington,Nebraska,0
Wayne,Nebraska,0
Webster,Nebraska,0
Pitt,North Carolina,0
Polk,North Carolina,0
Randolph,North Carolina,49.00601531
Richmond,North Carolina,0
Robeson,North Carolina,0
Rowan,North Carolina,110.8128661
Rutherford,North Carolina,158.5455589
Sampson,North Carolina,0
Scotland,North Carolina,0
Burleigh,North Dakota,0
Cass,North Dakota,0
Dunn,North Dakota,0
Emmons,North Dakota,0
Grand Forks,North Dakota,0
Grant,North Dakota,0
Kidder,North Dakota,0
LaMoure,North Dakota,0
McKenzie,North Dakota,0
McLean,North Dakota,0
Oliver,North Dakota,0
Pembina,North Dakota,0
Ramsey,North Dakota,0
Richland,North Dakota,0
Sioux,North Dakota,0
Stark,North Dakota,0
Stutsman,North Dakota,0
Traill,North Dakota,0
Walsh,North Dakota,0
Ward,North Dakota,0
Williams,North Dakota,0
Adams,Ohio,8.654085942
Allen,Ohio,22.87473237
Ashland,Ohio,15.57284736
Ashtabula,Ohio,6.51084747
Columbiana,Ohio,27.35953212
Coshocton,Ohio,15.03196699
Crawford,Ohio,8.895228441
Cuyahoga,Ohio,0
Defiance,Ohio,7.74811132
Franklin,Ohio,0
Gallia,Ohio,46.06497829
Geauga,Ohio,13.71357108
Greene,Ohio,0
Guernsey,Ohio,0
Hamilton,Ohio,0
Hancock,Ohio,0
Hardin,Ohio,0
Harrison,Ohio,0
Highland,Ohio,0
Jefferson,Ohio,0
Knox,Ohio,6.36548587
Lake,Ohio,0
Lawrence,Ohio,0
Licking,Ohio,0
Lorain,Ohio,0
Lucas,Ohio,0
Madison,Ohio,0
Mahoning,Ohio,12.07966163
Medina,Ohio,0
Meigs,Ohio,0
Monroe,Ohio,0
Montgomery,Ohio,0
Morgan,Ohio,4.693264056
Muskingum,Ohio,0
Noble,Ohio,0
Ottawa,Ohio,5.044836297
Putnam,Ohio,0
Richland,Ohio,0
Ross,Ohio,0
Sandusky,Ohio,0
Scioto,Ohio,22.30004698
Stark,Ohio,0
Summit,Ohio,0
Trumbull,Ohio,29.68081038
Tuscarawas,Ohio,24.58752021
Warren,Ohio,0
Washington,Ohio,56.12760687
Wayne,Ohio,0
Wood,Ohio,0
Wyandot,Ohio,0
Atoka,Oklahoma,0
Beaver,Oklahoma,0
Blaine,Oklahoma,0
Bryan,Oklahoma,0
Caddo,Oklahoma,0
Cleveland,Oklahoma,0
Comanche,Oklahoma,0
Cotton,Oklahoma,0
Creek,Oklahoma,0
Ellis,Oklahoma,0
Garfield,Oklahoma,0.171729518
Garvin,Oklahoma,0
Grady,Oklahoma,0
Greer,Oklahoma,0
Le Flore,Oklahoma,0
Lincoln,Oklahoma,0
Marshall,Oklahoma,0
Murray,Oklahoma,0
Muskogee,Oklahoma,0
Noble,Oklahoma,0
Okfuskee,Oklahoma,0
Oklahoma,Oklahoma,0
Okmulgee,Oklahoma,0
Osage,Oklahoma,0
Carbon,Pennsylvania,0.132853741
Centre,Pennsylvania,14.41220823
Chester,Pennsylvania,0
Clarion,Pennsylvania,41.60271523
Clearfield,Pennsylvania,51.33856191
Clinton,Pennsylvania,9.670490306
Columbia,Pennsylvania,9.972481847
Crawford,Pennsylvania,38.53772646
Cumberland,Pennsylvania,1.543762727
Dauphin,Pennsylvania,19.00969139
Delaware,Pennsylvania,0
Elk,Pennsylvania,0
Erie,Pennsylvania,10.29362957
Lehigh,Pennsylvania,0.502906062
Luzerne,Pennsylvania,2.268317057
Lycoming,Pennsylvania,56.04872848
Schuylkill,Pennsylvania,14.59250169
Snyder,Pennsylvania,21.82677665
Somerset,Pennsylvania,29.07231996
Beadle,South Dakota,0
Bennett,South Dakota,0
Bon Homme,South Dakota,0
Brookings,South Dakota,0.341430734
Brown,South Dakota,0
Brule,South Dakota,0
Butte,South Dakota,141.8684141
Charles Mix,South Dakota,0
Day,South Dakota,0
Deuel,South Dakota,0
Dewey,South Dakota,0
Edmunds,South Dakota,0
Fall River,South Dakota,0
Grant,South Dakota,0
Gregory,South Dakota,0.3158516
Hand,South Dakota,0
Hanson,South Dakota,0
Harding,South Dakota,0
Hughes,South Dakota,0
Jackson,South Dakota,0
Jones,South Dakota,0
Kingsbury,South Dakota,0
Lawrence,South Dakota,0
Lincoln,South Dakota,0
Lyman,South Dakota,0
McCook,South Dakota,0
McPherson,South Dakota,0
Minnehaha,South Dakota,0
Pennington,South Dakota,86.05632075
Perkins,South Dakota,0
Potter,South Dakota,0
Humphreys,Tennessee,38.32362798
Jackson,Tennessee,0
Jefferson,Tennessee,0
Johnson,Tennessee,0
Knox,Tennessee,0
Sullivan,Tennessee,44.83672912
Sumner,Tennessee,0
Tipton,Tennessee,0
Angelina,Texas,134.7693592
Aransas,Texas,0
Atascosa,Texas,0
Austin,Texas,0
Bandera,Texas,0
Bastrop,Texas,0
Bee,Texas,0
Bell,Texas,0
Bexar,Texas,0
Bosque,Texas,0
Bowie,Texas,72.66953156
Brazoria,Texas,0
Brazos,Texas,0
Brewster,Texas,0
Brown,Texas,0
Burleson,Texas,0
Burnet,Texas,0
Caldwell,Texas,0
Calhoun,Texas,0
Cameron,Texas,0
Camp,Texas,0
Cass,Texas,129.0225053
Chambers,Texas,0
Cherokee,Texas,162.3767948
Clay,Texas,0
Coleman,Texas,0
Collin,Texas,0
Colorado,Texas,0
Comal,Texas,0
Concho,Texas,0
Cooke,Texas,0
Crane,Texas,0
Crockett,Texas,0
Culberson,Texas,0
Dallas,Texas,0
Delta,Texas,0
Denton,Texas,0
DeWitt,Texas,0
Duval,Texas,0
Edwards,Texas,0
Ellis,Texas,0
El Paso,Texas,0
Erath,Texas,0
Fannin,Texas,0
Foard,Texas,0
Fort Bend,Texas,0
Franklin,Texas,0
Freestone,Texas,0
Galveston,Texas,0
Goliad,Texas,0
Gonzales,Texas,0
Grayson,Texas,0
Gregg,Texas,0
Hardeman,Texas,0
Hardin,Texas,0
Harris,Texas,0
Harrison,Texas,283.7368281
Hays,Texas,0
Henderson,Texas,0
Hidalgo,Texas,0
Hill,Texas,0
Hopkins,Texas,0
Houston,Texas,0
Hudspeth,Texas,0
Hunt,Texas,0
Jim Wells,Texas,0
Johnson,Texas,0
Karnes,Texas,0
Kaufman,Texas,0
Kendall,Texas,0
Kenedy,Texas,0
Kinney,Texas,0
Kleberg,Texas,0
Knox,Texas,0
Lamar,Texas,0
Lampasas,Texas,0
Lavaca,Texas,0
Lee,Texas,0
Leon,Texas,0
Liberty,Texas,397.5470729
Live Oak,Texas,0
Llano,Texas,0
Loving,Texas,0
McCulloch,Texas,0
McLennan,Texas,0
Madison,Texas,0
Marion,Texas,0
Matagorda,Texas,0
Maverick,Texas,0
Medina,Texas,0
Milam,Texas,0
Mills,Texas,0
Montague,Texas,0
Montgomery,Texas,282.4973106
Morris,Texas,0
Nacogdoches,Texas,173.7578193
Navarro,Texas,0
Newton,Texas,130.9381232
Nueces,Texas,0
Orange,Texas,92.97508217
Palo Pinto,Texas,0
Panola,Texas,0
Parker,Texas,0
Pecos,Texas,0
Polk,Texas,211.0560282
Presidio,Texas,0
Real,Texas,0
Red River,Texas,0
Reeves,Texas,0
Refugio,Texas,0
Robertson,Texas,0
Rusk,Texas,207.4501591
Sabine,Texas,204.1823402
San Augustine,Texas,0
San Jacinto,Texas,0
San Patricio,Texas,0
San Saba,Texas,0
Shelby,Texas,0
Smith,Texas,0
Starr,Texas,0
Tarrant,Texas,0
Terrell,Texas,0
Titus,Texas,0
Tom Green,Texas,0
Travis,Texas,0
Trinity,Texas,0
Tyler,Texas,0
Upshur,Texas,0
Wichita,Texas,0
Wilbarger,Texas,0
Willacy,Texas,0
Williamson,Texas,0
Wilson,Texas,0
Wise,Texas,0
Wood,Texas,0
Zapata,Texas,0
Fredericksburg,Virginia,0
Hopewell,Virginia,0
Lynchburg,Virginia,0
Suffolk,Virginia,0
Virginia Beach,Virginia,0
Newport News,Virginia,0
Norfolk,Virginia,0
Pend Oreille,Washington,0
Pierce,Washington,275.8489894
San Juan,Washington,0
Skagit,Washington,401.7163591
Skamania,Washington,152.6860215
Snohomish,Washington,567.2482895
Spokane,Washington,0
Stevens,Washington,373.6581899
Thurston,Washington,0
Wayne,West Virginia,0
Webster,West Virginia,63.67739539
Wetzel,West Virginia,10.13249229
Wirt,West Virginia,0
Wood,West Virginia,0
Wyoming,West Virginia,0
Adams,Wisconsin,0
Ashland,Wisconsin,31.7992585
Richmond City,Virginia,0
Roanoke City,Virginia,0
Salem,Virginia,0
Door,Wisconsin,0.15031967
Douglas,Wisconsin,0
Dunn,Wisconsin,17.08280506
Williamsburg,Virginia,0
Sheridan,Wyoming,0
Sublette,Wyoming,0.731878752
Sweetwater,Wyoming,0
Teton,Wyoming,0
Walla Walla,Washington,0
Whatcom,Washington,36.67845018
Whitman,Washington,0
Iowa,Wisconsin,0
Iron,Wisconsin,35.84459294
Jackson,Wisconsin,10.74436321
Jefferson,Wisconsin,0
Juneau,Wisconsin,1.319522739
Kenosha,Wisconsin,0.726807999
Kewaunee,Wisconsin,0
Manitowoc,Wisconsin,14.52489164
Marathon,Wisconsin,71.97089441
Marinette,Wisconsin,21.33096965
Milwaukee,Wisconsin,0
Monroe,Wisconsin,0.267848467
Oconto,Wisconsin,0
Oneida,Wisconsin,4.049841781
Outagamie,Wisconsin,47.40591088
Ozaukee,Wisconsin,0
Pierce,Wisconsin,0
Polk,Wisconsin,2.299868412
Racine,Wisconsin,0
Richland,Wisconsin,0
Rock,Wisconsin,0
St. Croix,Wisconsin,0
Sauk,Wisconsin,18.88573963
Shawano,Wisconsin,34.33463524
Sheboygan,Wisconsin,0.60623675
Trempealeau,Wisconsin,0
Vernon,Wisconsin,3.290355592
Vilas,Wisconsin,0
Walworth,Wisconsin,0
Washington,Wisconsin,0
Lamar,Alabama,0
Coffee,Alabama,0
Colbert,Alabama,0
Conecuh,Alabama,0
Coosa,Alabama,57.11922088
Covington,Alabama,0
Crenshaw,Alabama,15.55031068
Cullman,Alabama,79.58829298
Lauderdale,Alabama,0
Lawrence,Alabama,123.3883347
Lee,Alabama,204.2950236
Limestone,Alabama,0
Lowndes,Alabama,0
Macon,Alabama,0
Madison,Alabama,0
Bibb,Alabama,0
Blount,Alabama,0
Bullock,Alabama,0
Clay,Alabama,0
Cleburne,Alabama,0
Dale,Alabama,0
Dallas,Alabama,232.0151426
DeKalb,Alabama,23.17897758
Elmore,Alabama,0
Escambia,Alabama,209.2530937
Etowah,Alabama,0
Fayette,Alabama,189.30813
Morgan,Alabama,0
Perry,Alabama,0
Pickens,Alabama,109.5846169
Pike,Alabama,0
Trinity,California,0
Tulare,California,0
Tuolumne,California,0
Ventura,California,0
Yolo,California,0
Yuba,California,0
Adams,Colorado,0
Alamosa,Colorado,0
Arapahoe,Colorado,0
Franklin,Alabama,0
Geneva,Alabama,0
Greene,Alabama,0
Hale,Alabama,369.3762203
Henry,Alabama,0
Houston,Alabama,0
Jackson,Alabama,17.44339198
Jefferson,Alabama,0
Craighead,Arkansas,0
Crawford,Arkansas,0
Marengo,Alabama,120.0078324
Jackson,Arkansas,0
Jefferson,Arkansas,164.2924128
Johnson,Arkansas,0
Lafayette,Arkansas,0
Lawrence,Arkansas,15.67426243
Lee,Arkansas,0
Lincoln,Arkansas,0
Little River,Arkansas,178.9412562
Logan,Arkansas,0
Lonoke,Arkansas,0
Madison,Arkansas,64.25208078
Marion,Arkansas,0
Miller,Arkansas,0
Mississippi,Arkansas,0
Monroe,Arkansas,0
Las Animas,Colorado,3.268945744
Bristol Bay,Alaska,0
Denali,Alaska,0
Dillingham,Alaska,0
Fairbanks North Star,Alaska,8.46703148
Haines,Alaska,0
Juneau,Alaska,0
Kenai Peninsula,Alaska,0
Ketchikan Gateway,Alaska,0
Kodiak Island,Alaska,0
Lake and Peninsula,Alaska,0
Matanuska-Susitna,Alaska,0
Nome,Alaska,0
North Slope,Alaska,0
Northwest Arctic,Alaska,0
Marion,Alabama,0
Marshall,Alabama,69.12000412
Mobile,Alabama,0
Monroe,Alabama,474.1717922
Randolph,Alabama,0
Russell,Alabama,375.9118581
St. Clair,Alabama,0
Shelby,Alabama,0
Sumter,Alabama,0
Talladega,Alabama,0
Tallapoosa,Alabama,0
Tuscaloosa,Alabama,119.5570988
Walker,Alabama,0
Washington,Alabama,141.9810975
Wilcox,Alabama,118.3175812
Winston,Alabama,103.7588846
Aleutians East,Alaska,0
Aleutians West,Alaska,0
Anchorage,Alaska,0
Bethel,Alaska,0
Prince of Wales-Outer Ketchikan,Alaska,62.29138943
Sitka,Alaska,0
Skagway-Hoonah-Angoon,Alaska,0
Southeast Fairbanks,Alaska,0
Valdez-Cordova,Alaska,0
Wade Hampton,Alaska,0
Wrangell-Petersburg,Alaska,0
Yakutat,Alaska,0
Yukon-Koyukuk,Alaska,0
Apache,Arizona,0
Cochise,Arizona,0
Coconino,Arizona,0
Gila,Arizona,0
Graham,Arizona,0
Greenlee,Arizona,0
La Paz,Arizona,0
Maricopa,Arizona,20.18159886
Archuleta,Colorado,4.052095449
Santa Cruz,Arizona,0
Yavapai,Arizona,0.852562685
Yuma,Arizona,0
Arkansas,Arkansas,0
Ashley,Arkansas,0
Baxter,Arkansas,0
Benton,Arkansas,0
Fresno,California,0
Glenn,California,0
Humboldt,California,698.7498298
Imperial,California,0
Inyo,California,0
Boone,Arkansas,0
Bradley,Arkansas,463.9176019
Calhoun,Arkansas,0
Carroll,Arkansas,0
Chicot,Arkansas,0
Clark,Arkansas,383.9123803
Clay,Arkansas,0
Lassen,California,0
Los Angeles,California,0
Madera,California,0
Cleburne,Arkansas,0
Cleveland,Arkansas,0
Columbia,Arkansas,310.1047462
Conway,Arkansas,0
Cross,Arkansas,0
Dallas,Arkansas,276.9758235
Desha,Arkansas,0
Drew,Arkansas,0
Faulkner,Arkansas,0
Franklin,Arkansas,0
Fulton,Arkansas,0
Garland,Arkansas,0
Grant,Arkansas,0
Greene,Arkansas,0
Hempstead,Arkansas,0
Hot Spring,Arkansas,0
Montgomery,Arkansas,0
Nevada,Arkansas,0
Mendocino,California,0
Merced,California,0
Modoc,California,0
Mono,California,0
Monterey,California,0
Napa,California,0
Nevada,California,0
Orange,California,0
Placer,California,0
Plumas,California,0
Riverside,California,0
Sacramento,California,0
San Benito,California,0
Newton,Arkansas,3.881943499
Ouachita,Arkansas,185.7022608
Perry,Arkansas,0
Phillips,Arkansas,0
Pike,Arkansas,103.0377107
Poinsett,Arkansas,0
San Luis Obispo,California,0
San Mateo,California,0
Santa Barbara,California,0
Santa Clara,California,0
Polk,Arkansas,0
Pope,Arkansas,259.284528
Prairie,Arkansas,34.46985533
Pulaski,Arkansas,0
Randolph,Arkansas,0
St. Francis,Arkansas,0
Saline,Arkansas,17.07153672
Scott,Arkansas,244.4103178
Siskiyou,California,330.5004436
Solano,California,0
Searcy,Arkansas,16.19260612
Sebastian,Arkansas,0
Sevier,Arkansas,0
Sharp,Arkansas,0
Stone,Arkansas,28.54270793
Union,Arkansas,243.7342173
Van Buren,Arkansas,0
Washington,Arkansas,0
White,Arkansas,23.33673436
Cheyenne,Colorado,0
Clear Creek,Colorado,0
Conejos,Colorado,0
Costilla,Colorado,0
Crowley,Colorado,0
Custer,Colorado,0
Delta,Colorado,12.16980836
Denver,Colorado,0.048048206
Dolores,Colorado,0
Douglas,Colorado,0
Eagle,Colorado,0.095070994
Elbert,Colorado,0
El Paso,Colorado,0
Fremont,Colorado,7.752618656
Garfield,Colorado,0.945526499
Gilpin,Colorado,0
Grand,Colorado,11.17368701
Gunnison,Colorado,0
Hinsdale,Colorado,0
Huerfano,Colorado,0
Mineral,Colorado,0
Moffat,Colorado,0
Montezuma,Colorado,10.23278053
Montrose,Colorado,90.47351045
Morgan,Colorado,0
Otero,Colorado,0
Phillips,Colorado,0
Kent,Delaware,3.448112367
New Castle,Delaware,0
Sussex,Delaware,0
District of Columbia,District of Columbia,0
Alachua,Florida,0
Baker,Florida,0
Bay,Florida,0
Bradford,Florida,19.48296171
Brevard,Florida,0
Broward,Florida,0
Calhoun,Florida,0
Charlotte,Florida,0
Citrus,Florida,0
Clay,Florida,0
Collier,Florida,0
Columbia,Florida,56.4093154
Prowers,Colorado,0
Pueblo,Colorado,0
Rio Blanco,Colorado,0
Rio Grande,Colorado,0
Routt,Colorado,0
Sedgwick,Colorado,0
Appling,Georgia,0
Atkinson,Georgia,0
Bacon,Georgia,7.473163798
Baker,Georgia,0
Baldwin,Georgia,0
Banks,Georgia,0
Barrow,Georgia,0
Teller,Colorado,0.577615163
Yuma,Colorado,0
Fairfield,Connecticut,0
DeSoto,Florida,0
Crawford,Georgia,0
Crisp,Georgia,0
Hardee,Florida,0
Hendry,Florida,0
Hernando,Florida,0
Highlands,Florida,0
Hillsborough,Florida,0
Holmes,Florida,0
Indian River,Florida,0
Jackson,Florida,453.8887783
Jefferson,Florida,0
Lafayette,Florida,0
Lake,Florida,0
Lee,Florida,0
Leon,Florida,0
Levy,Florida,0
Liberty,Florida,311.7949974
Madison,Florida,0
Manatee,Florida,0
Marion,Florida,2.901597826
Martin,Florida,0
Miami-Dade,Florida,0
Monroe,Florida,0
Nassau,Florida,176.5749046
Okaloosa,Florida,0
Okeechobee,Florida,0
Orange,Florida,0
Osceola,Florida,0
Palm Beach,Florida,0
Bartow,Georgia,0
Ben Hill,Georgia,215.9014149
Bleckley,Georgia,0
Brantley,Georgia,108.5591979
Brooks,Georgia,0
Bryan,Georgia,0
Bulloch,Georgia,0
Burke,Georgia,0
Butts,Georgia,0
Calhoun,Georgia,0
Camden,Georgia,0
Candler,Georgia,0
Carroll,Georgia,0
Catoosa,Georgia,0
Charlton,Georgia,0
Chatham,Georgia,311.9076808
Chattahoochee,Georgia,0
Chattooga,Georgia,10.01417471
Cherokee,Georgia,0
Clarke,Georgia,0
Dade,Georgia,0
Dawson,Georgia,0
Decatur,Georgia,0
DeKalb,Georgia,0
Dodge,Georgia,0
Dooly,Georgia,0
Dougherty,Georgia,0
Douglas,Georgia,0
Early,Georgia,0
Echols,Georgia,0
Effingham,Georgia,110.0916923
Elbert,Georgia,0
Emanuel,Georgia,435.0706487
Evans,Georgia,0
Fannin,Georgia,0
Fayette,Georgia,0
Floyd,Georgia,356.417628
Forsyth,Georgia,0
Franklin,Georgia,0
Fulton,Georgia,0
Gilmer,Georgia,19.76467024
Glascock,Georgia,0
Glynn,Georgia,248.9176542
Gordon,Georgia,0
Grady,Georgia,0
Greene,Georgia,0
Gwinnett,Georgia,0
Habersham,Georgia,13.19522739
Hall,Georgia,0
Hancock,Georgia,0
Clark,Idaho,0
Haralson,Georgia,0
Heard,Georgia,0
Jenkins,Georgia,0
Johnson,Georgia,0
Jones,Georgia,0
Gallatin,Illinois,0
Greene,Illinois,0
Grundy,Illinois,0
Hamilton,Illinois,12.16980836
Hancock,Illinois,0
Lamar,Georgia,294.667119
Mercer,Illinois,0
Monroe,Illinois,0
Montgomery,Illinois,0
Miller,Georgia,0
Paulding,Georgia,0
Peach,Georgia,0
Decatur,Kansas,0
Dickinson,Kansas,0.077695212
Doniphan,Kansas,0
Douglas,Kansas,0.072579385
Pickens,Georgia,0
Polk,Georgia,0
Randolph,Georgia,0
Richmond,Georgia,332.6414284
Rockdale,Georgia,0
Bell,Kentucky,0
Boone,Kentucky,0
Bourbon,Kentucky,0
Boyd,Kentucky,0
Boyle,Kentucky,0
Bracken,Kentucky,0.397659756
Breathitt,Kentucky,0
Breckinridge,Kentucky,68.19600016
Bullitt,Kentucky,0.65119743
Butler,Kentucky,0
Caldwell,Kentucky,27.85533913
Schley,Georgia,0
Sumter,Georgia,0
Talbot,Georgia,0
Taliaferro,Georgia,0
Tattnall,Georgia,0
Taylor,Georgia,0
Telfair,Georgia,0
Terrell,Georgia,0
Thomas,Georgia,333.7682625
Tift,Georgia,0
Toombs,Georgia,8.894101607
Towns,Georgia,0
Treutlen,Georgia,0
Jefferson,Kentucky,0
Jessamine,Kentucky,0
Johnson,Kentucky,0
Kenton,Kentucky,0
Knott,Kentucky,0
Knox,Kentucky,27.59616728
Larue,Kentucky,0
Laurel,Kentucky,36.28405825
Lawrence,Kentucky,0
Lee,Kentucky,16.00104432
Leslie,Kentucky,0
Letcher,Kentucky,75.95988715
Lewis,Kentucky,15.41509058
Lincoln,Kentucky,37.89543102
Livingston,Kentucky,0
Troup,Georgia,0
Turner,Georgia,0
Twiggs,Georgia,0
Union,Georgia,0
Upson,Georgia,0
Walker,Georgia,0
Walton,Georgia,0
Ware,Georgia,0
Warren,Georgia,114.148295
Washington,Georgia,0
Webster,Georgia,0
Wheeler,Georgia,0
White,Georgia,8.401675102
Whitfield,Georgia,0
Wilcox,Georgia,0
Wilkes,Georgia,0
Wilkinson,Georgia,0
Worth,Georgia,0
Hawaii,Hawaii,0
Honolulu,Hawaii,0
Kalawao,Hawaii,0
Kauai,Hawaii,0
Maui,Hawaii,0
Ada,Idaho,0
Adams,Idaho,0
Bannock,Idaho,0
Bear Lake,Idaho,0
Benewah,Idaho,332.0780113
Bingham,Idaho,0
Blaine,Idaho,0
Boise,Idaho,0
Bonner,Idaho,561.2760687
Boundary,Idaho,143.220615
Butte,Idaho,0
Camas,Idaho,0
Canyon,Idaho,0
Lincoln,Idaho,0
Madison,Idaho,0
Minidoka,Idaho,0
Nez Perce,Idaho,0
Oneida,Idaho,0
Owyhee,Idaho,0
Payette,Idaho,0
Power,Idaho,0
Shoshone,Idaho,0
Bond,Illinois,13.99527961
Ohio,Kentucky,35.31498091
Oldham,Kentucky,0
Boone,Illinois,0
Carroll,Illinois,0.157418725
Cass,Illinois,0
Champaign,Illinois,0
Clark,Illinois,0.751372983
Clay,Illinois,17.39831861
Clinton,Illinois,0
Coles,Illinois,0
Cook,Illinois,0
Crawford,Illinois,0
Calcasieu,Louisiana,0
Caldwell,Louisiana,0
Cameron,Louisiana,0
Catahoula,Louisiana,0
Claiborne,Louisiana,0
Concordia,Louisiana,0
De Soto,Louisiana,0
East Baton Rouge,Louisiana,0
East Carroll,Louisiana,0
East Feliciana,Louisiana,314.8374495
Evangeline,Louisiana,0
Franklin,Louisiana,0
Grant,Louisiana,0
Iberia,Louisiana,0
Iberville,Louisiana,0
Jackson,Louisiana,0
Jefferson,Louisiana,0
Cumberland,Illinois,0
DeKalb,Illinois,0.182997859
Livingston,Louisiana,0
Madison,Louisiana,0
Morehouse,Louisiana,0
Natchitoches,Louisiana,569.5019577
Orleans,Louisiana,0
Ouachita,Louisiana,138.4879118
Plaquemines,Louisiana,0
Pointe Coupee,Louisiana,0
Rapides,Louisiana,0
Red River,Louisiana,96.2767061
Richland,Louisiana,0
Sabine,Louisiana,274.0460548
De Witt,Illinois,0
St. John the Baptist,Louisiana,0
St. Landry,Louisiana,60.98426187
St. Martin,Louisiana,0
St. Mary,Louisiana,0
St. Tammany,Louisiana,0
Tangipahoa,Louisiana,0
Tensas,Louisiana,0
Terrebonne,Louisiana,0
Union,Louisiana,0
Vermilion,Louisiana,0
Vernon,Louisiana,0
Washington,Louisiana,334.1063127
Webster,Louisiana,0
Douglas,Illinois,0
DuPage,Illinois,0
West Carroll,Louisiana,0
West Feliciana,Louisiana,0
Winn,Louisiana,717.7933262
Androscoggin,Maine,25.27488902
Aroostook,Maine,28.84695314
Cumberland,Maine,32.32887053
Franklin,Maine,32.47535896
Hancock,Maine,0.890424311
Kennebec,Maine,15.17845542
Knox,Maine,1.424318311
Lincoln,Maine,0.575474178
Oxford,Maine,47.39464254
Penobscot,Maine,75.23871332
Piscataquis,Maine,57.55868619
Sagadahoc,Maine,0
Somerset,Maine,94.48503987
Waldo,Maine,18.26598087
Washington,Maine,3.575444622
York,Maine,14.82913685
Allegany,Maryland,85.81968559
Edgar,Illinois,0
Edwards,Illinois,0
Cecil,Maryland,4.564804967
Charles,Maryland,39.91246407
Dorchester,Maryland,66.71984748
Frederick,Maryland,0
Garrett,Maryland,0
Harford,Maryland,0
Howard,Maryland,0
Kent,Maryland,0
Montgomery,Maryland,0
Prince George's,Maryland,0
Queen Anne's,Maryland,0
St. Mary's,Maryland,9.456391826
Somerset,Maryland,49.17504043
Talbot,Maryland,0
Washington,Maryland,0
Wicomico,Maryland,0
Worcester,Maryland,0
Baltimore City,Maryland,0
Barnstable,Massachusetts,0
Effingham,Illinois,17.20675681
Fayette,Illinois,17.52227036
Hampshire,Massachusetts,9.216376161
Middlesex,Massachusetts,0
Nantucket,Massachusetts,0
Ford,Illinois,0
Franklin,Illinois,6.980737293
Hardin,Illinois,0
Plymouth,Massachusetts,0
Suffolk,Massachusetts,0
Worcester,Massachusetts,0
Alcona,Michigan,2.216482688
Henderson,Illinois,0
Allegan,Michigan,13.56708265
Alpena,Michigan,15.35874888
Antrim,Michigan,25.45518248
Arenac,Michigan,25.0495222
Baraga,Michigan,12.57546863
Barry,Michigan,13.60088767
Bay,Michigan,0
Benzie,Michigan,1.487421021
Berrien,Michigan,9.169049129
Branch,Michigan,7.985873316
Calhoun,Michigan,2.285219569
Iroquois,Illinois,0
Jasper,Illinois,0
Chippewa,Michigan,2.82609994
Jefferson,Illinois,0
Jersey,Illinois,0
Jo Daviess,Illinois,0.531527648
Johnson,Illinois,0
Kane,Illinois,0
Kankakee,Illinois,0
Kendall,Illinois,0
Knox,Illinois,0.336359981
Lawrence,Illinois,11.91063651
Lee,Illinois,0
Livingston,Illinois,0
Delta,Michigan,13.66849772
Dickinson,Michigan,237.3112629
Logan,Illinois,0
McDonough,Illinois,0
Midland,Michigan,0
Marion,Illinois,13.75864445
Benton,Minnesota,33.97404833
Big Stone,Minnesota,0
Blue Earth,Minnesota,0.228972691
Brown,Minnesota,4.702278729
Marshall,Illinois,0
Isanti,Minnesota,0.14006548
Itasca,Minnesota,76.15144895
Massac,Illinois,0
Morgan,Illinois,0
Claiborne,Mississippi,98.37261754
Moultrie,Illinois,0
Piatt,Illinois,0
Benton,Missouri,8.331811387
Putnam,Illinois,0
Saline,Illinois,0
Polk,Missouri,0
Scott,Illinois,0
Stark,Illinois,0
Stephenson,Illinois,0.235170278
Union,Illinois,0
Vermilion,Illinois,0
Wabash,Illinois,0
Warren,Illinois,0
Wayne,Illinois,6.342949188
White,Illinois,0
Whiteside,Illinois,0
Will,Illinois,0
Adams,Indiana,0
Benton,Indiana,0
Blackford,Indiana,6.882702726
Boone,Indiana,0
Brown,Indiana,6.256182962
Carroll,Indiana,5.230763925
Cass,Indiana,0
Clay,Indiana,47.41717922
Clinton,Indiana,5.754741784
Decatur,Indiana,0
DeKalb,Indiana,0
Delaware,Indiana,0
Elkhart,Indiana,12.98112891
Fayette,Indiana,3.542766432
Franklin,Indiana,0
Grant,Indiana,0
Greene,Indiana,49.12996707
Henry,Indiana,40.1941726
Howard,Indiana,0
Huntington,Indiana,0
Jasper,Indiana,0
Jay,Indiana,0
Kosciusko,Indiana,0
LaGrange,Indiana,28.56524461
Lawrence,Indiana,0
Marshall,Indiana,3.925890029
Martin,Indiana,0
Miami,Indiana,0
Montgomery,Indiana,0
Newton,Indiana,0
Noble,Indiana,13.15015403
Orange,Indiana,23.95649311
Pulaski,Indiana,0
Randolph,Indiana,0
Ripley,Indiana,0
Shelby,Indiana,0
Steuben,Indiana,0
Tipton,Indiana,0
Union,Indiana,0
Wabash,Indiana,0
Wayne,Indiana,0
Whitley,Indiana,0
Adair,Iowa,7.469783295
Adams,Iowa,0
Allamakee,Iowa,16.55319303
Appanoose,Iowa,12.16980836
Audubon,Iowa,0
Black Hawk,Iowa,0
Boone,Iowa,0
Bremer,Iowa,0
Buena Vista,Iowa,0
Butler,Iowa,0
Calhoun,Iowa,0
Cass,Iowa,0
Cedar,Iowa,13.11634901
Cerro Gordo,Iowa,0
Cherokee,Iowa,0
Chickasaw,Iowa,0
Clarke,Iowa,0
Clay,Iowa,0
Davis,Iowa,0
Decatur,Iowa,0
Delaware,Iowa,0
Dickinson,Iowa,0
Emmet,Iowa,0
Floyd,Iowa,0
Franklin,Iowa,0
Greene,Iowa,0
Grundy,Iowa,19.30266825
Guthrie,Iowa,0
Hamilton,Iowa,0
Hancock,Iowa,0
Worth,Missouri,0
Hardin,Iowa,0
Henry,Iowa,21.3197013
Humboldt,Iowa,0
Powder River,Montana,0
Powell,Montana,68.42136698
Prairie,Montana,0
Ravalli,Montana,5.091036495
Richland,Montana,0
Roosevelt,Montana,0
Rosebud,Montana,0
Sanders,Montana,34.98819902
Sheridan,Montana,0
Silver Bow,Montana,0
Stillwater,Montana,3.700523207
Sweet Grass,Montana,0
Teton,Montana,0
Toole,Montana,0
Treasure,Montana,0
Ida,Iowa,0
Jasper,Iowa,0
Jefferson,Iowa,0
Jones,Iowa,0
Keokuk,Iowa,16.4067046
Louisa,Iowa,0
Lucas,Iowa,0
Madison,Iowa,0
Marion,Iowa,0
Marshall,Iowa,0
Mills,Iowa,0
Mitchell,Iowa,0
Montgomery,Iowa,0
O'Brien,Iowa,0
Osceola,Iowa,0
Page,Iowa,0
Palo Alto,Iowa,0
Pocahontas,Iowa,0
Poweshiek,Iowa,0
Ringgold,Iowa,0
Shelby,Iowa,0
Story,Iowa,0
Taylor,Iowa,0
Union,Iowa,0
Van Buren,Iowa,0
Wayne,Iowa,0
Arthur,Nebraska,0
Webster,Iowa,0
Winnebago,Iowa,0
Winneshiek,Iowa,0
Worth,Iowa,0
Wright,Iowa,0
Allen,Kansas,1.013023862
Anderson,Kansas,0
Barber,Kansas,0
Brown,Kansas,0
Butler,Kansas,0
Chase,Kansas,0
Chautauqua,Kansas,0
Cherokee,Kansas,0
Cheyenne,Kansas,0
Clark,Kansas,0
Comanche,Kansas,0
Cowley,Kansas,0
Edwards,Kansas,0.067463558
Elk,Kansas,0
Ford,Kansas,0
Gove,Kansas,0
Grant,Kansas,0
Gray,Kansas,0
Greeley,Kansas,0
Harper,Kansas,0
Haskell,Kansas,0
Hodgeman,Kansas,0
Kearny,Kansas,0
Kingman,Kansas,0
Kiowa,Kansas,0
Lane,Kansas,0
Lincoln,Kansas,0
Linn,Kansas,0
Logan,Kansas,0
McPherson,Kansas,0
Meade,Kansas,0
Morris,Kansas,0
Morton,Kansas,0
Norton,Kansas,0
Osborne,Kansas,0
Ottawa,Kansas,0
Pawnee,Kansas,0
Phillips,Kansas,0
Pottawatomie,Kansas,0.705398151
Pratt,Kansas,0
Rawlins,Kansas,0
Rice,Kansas,0
Riley,Kansas,0
Rush,Kansas,0
Scott,Kansas,0
Seward,Kansas,0
Sheridan,Kansas,0
Sherman,Kansas,0
Smith,Kansas,0
Stafford,Kansas,0
Stevens,Kansas,0
Thomas,Kansas,0
Wichita,Kansas,0
Woodson,Kansas,0
Adair,Kentucky,37.32074562
Allen,Kentucky,8.97185316
Anderson,Kentucky,0
Ballard,Kentucky,57.23190429
Calloway,Kentucky,0
Clinton,Kentucky,15.64045741
Crittenden,Kentucky,0
Cumberland,Kentucky,46.63966369
Daviess,Kentucky,0
Edmonson,Kentucky,0
Franklin,Kentucky,0
Fulton,Kentucky,0.203393556
Gallatin,Kentucky,0
Garrard,Kentucky,0
Grant,Kentucky,0
Graves,Kentucky,0
Grayson,Kentucky,5.798688315
Green,Kentucky,12.58673698
Greenup,Kentucky,41.85061873
Hancock,Kentucky,0
Hardin,Kentucky,1.781524723
Harlan,Kentucky,0
Harrison,Kentucky,0
Hart,Kentucky,28.80187977
Henderson,Kentucky,0
Henry,Kentucky,7.70416479
Hickman,Kentucky,0
Hopkins,Kentucky,47.1354707
Jackson,Kentucky,0
Logan,Kentucky,17.02646336
McCracken,Kentucky,0
Marshall,Kentucky,5.888835043
Mason,Kentucky,0
Metcalfe,Kentucky,22.1422902
Monroe,Kentucky,48.54401333
Montgomery,Kentucky,0
Morgan,Kentucky,30.3456425
Muhlenberg,Kentucky,29.06105162
Nelson,Kentucky,4.903982034
Russell,Kentucky,0
Simpson,Kentucky,0
Todd,Kentucky,8.12672758
Trigg,Kentucky,5.096670666
Trimble,Kentucky,0.207562843
Union,Kentucky,0
Warren,Kentucky,8.180815617
Washington,Kentucky,0
Wayne,Kentucky,10.67224583
Webster,Kentucky,0
Whitley,Kentucky,0
Wolfe,Kentucky,15.5841157
Woodford,Kentucky,0
Acadia,Louisiana,0
Allen,Louisiana,0
Ascension,Louisiana,0
Assumption,Louisiana,0
Avoyelles,Louisiana,0
West Baton Rouge,Louisiana,0
Cass,Michigan,0
Charlevoix,Michigan,0
Clare,Michigan,15.64045741
Clinton,Michigan,9.525128706
Crawford,Michigan,56.20648526
Gladwin,Michigan,18.43500599
Gratiot,Michigan,6.116455533
Hillsdale,Michigan,15.53904234
Ionia,Michigan,20.09145213
Kalamazoo,Michigan,0.224916088
Lake,Michigan,45.27619442
Lapeer,Michigan,0.449832176
Leelanau,Michigan,0
Lenawee,Michigan,0
Livingston,Michigan,0.700214714
Luce,Michigan,20.60979582
Mackinac,Michigan,11.33595112
Macomb,Michigan,5.063992477
Manistee,Michigan,0
Mecosta,Michigan,2.706655525
Menominee,Michigan,48.42006158
Missaukee,Michigan,0
Monroe,Michigan,0.307738395
Montmorency,Michigan,15.2009921
Osceola,Michigan,30.50339928
Oscoda,Michigan,56.34170535
St. Joseph,Michigan,6.904112574
Schoolcraft,Michigan,0
Shiawassee,Michigan,0
Tuscola,Michigan,0
Van Buren,Michigan,0.485552817
Washtenaw,Michigan,0
Wayne,Michigan,0
Wexford,Michigan,18.930813
Aitkin,Minnesota,26.25523469
Anoka,Minnesota,0.289258315
Carlton,Minnesota,186.7164115
Clay,Minnesota,0
Clearwater,Minnesota,4.652698028
Cook,Minnesota,30.03012895
Cottonwood,Minnesota,0.050087776
Dodge,Minnesota,0
Douglas,Minnesota,0.243283484
Faribault,Minnesota,0.059294011
Freeborn,Minnesota,0
Grant,Minnesota,0
Houston,Minnesota,9.661475633
Hubbard,Minnesota,167.5602317
Jackson,Minnesota,0
Kanabec,Minnesota,1.249659025
Kandiyohi,Minnesota,0.463128818
Kittson,Minnesota,0
Koochiching,Minnesota,139.2766956
Lac qui Parle,Minnesota,0.025556598
Lake,Minnesota,14.49108662
Lincoln,Minnesota,0.172743669
Lyon,Minnesota,0.028621586
McLeod,Minnesota,0
Mahnomen,Minnesota,0
Martin,Minnesota,0
Mower,Minnesota,0
Murray,Minnesota,0
Nobles,Minnesota,0
Otter Tail,Minnesota,1.299239725
Pennington,Minnesota,0
Pipestone,Minnesota,0
Pope,Minnesota,0
Red Lake,Minnesota,0
Rock,Minnesota,0.10222639
Steele,Minnesota,0.489609419
Stevens,Minnesota,0
Hooker,Nebraska,0
Howard,Nebraska,0
Jefferson,Nebraska,0
Swift,Minnesota,0
Todd,Minnesota,3.422195183
Traverse,Minnesota,0
Wabasha,Minnesota,2.042950236
Johnson,Nebraska,0.417041303
Wadena,Minnesota,1.0202356
Waseca,Minnesota,0
Watonwan,Minnesota,0
Wilkin,Minnesota,0
Winona,Minnesota,0.377264059
Wright,Minnesota,0.496821158
Yellow Medicine,Minnesota,0
Adams,Mississippi,46.51571194
Pershing,Nevada,0
Storey,Nevada,0
Washoe,Nevada,0
White Pine,Nevada,0
Carson City,Nevada,0
Belknap,New Hampshire,17.01519502
Carroll,New Hampshire,2.901597826
Cheshire,New Hampshire,82.32649986
Coos,New Hampshire,178.9412562
Grafton,New Hampshire,24.27200666
Hillsborough,New Hampshire,37.83908931
Merrimack,New Hampshire,13.92766956
Rockingham,New Hampshire,10.07277008
Strafford,New Hampshire,0
Sullivan,New Hampshire,12.91351887
Atlantic,New Jersey,9.35610359
Bergen,New Jersey,0
Burlington,New Jersey,0
Camden,New Jersey,0
Cape May,New Jersey,0
Cumberland,New Jersey,0
Essex,New Jersey,0
Gloucester,New Jersey,0
Hudson,New Jersey,0
Alcorn,Mississippi,0
Warren,New Jersey,0
Bernalillo,New Mexico,0
Catron,New Mexico,2.618762465
Chaves,New Mexico,0
Cibola,New Mexico,0
Colfax,New Mexico,0
Curry,New Mexico,0
De Baca,New Mexico,0
Dona Ana,New Mexico,0
Eddy,New Mexico,0
Grant,New Mexico,0
Guadalupe,New Mexico,0
Harding,New Mexico,0
Hidalgo,New Mexico,0
Lea,New Mexico,0
Lincoln,New Mexico,0
Los Alamos,New Mexico,0
Benton,Mississippi,0
Otero,New Mexico,28.35114613
Quay,New Mexico,0
Rio Arriba,New Mexico,1.944915669
Roosevelt,New Mexico,0
Sandoval,New Mexico,0
San Juan,New Mexico,0
San Miguel,New Mexico,0
Santa Fe,New Mexico,5.537262802
Sierra,New Mexico,0
Socorro,New Mexico,0
Taos,New Mexico,0
Torrance,New Mexico,0
Union,New Mexico,0
Valencia,New Mexico,0
Albany,New York,5.271329953
Allegany,New York,32.56550569
Bronx,New York,0
Broome,New York,54.79794262
Cattaraugus,New York,19.22378987
Cayuga,New York,5.445989239
Chautauqua,New York,20.40696568
Chemung,New York,32.97116597
Chenango,New York,36.32913161
Clinton,New York,1.022263902
Columbia,New York,5.788546808
Calhoun,Mississippi,197.6467024
Carroll,Mississippi,0
Greene,New York,0
Hamilton,New York,0.468199571
Herkimer,New York,8.56844655
Jefferson,New York,4.899474697
Kings,New York,0
Lewis,New York,23.07756251
Livingston,New York,14.54742832
Madison,New York,9.048477879
Monroe,New York,0
Montgomery,New York,0
Nassau,New York,0
New York,New York,0
Niagara,New York,0
Oneida,New York,30.27803246
Onondaga,New York,0
Ontario,New York,4.408175027
Orange,New York,0.534682784
Orleans,New York,1.428825648
Oswego,New York,19.69706019
Otsego,New York,19.35900996
Putnam,New York,0
Queens,New York,0
Rensselaer,New York,10.5392794
Richmond,New York,0
Chickasaw,Mississippi,0
Choctaw,Mississippi,96.20909606
Clarke,Mississippi,0
Clay,Mississippi,0
Coahoma,Mississippi,0
Copiah,Mississippi,267.7357838
Covington,Mississippi,0
DeSoto,Mississippi,0
Steuben,New York,15.64045741
Suffolk,New York,0
Sullivan,New York,7.66585243
Tioga,New York,0
Tompkins,New York,0
Ulster,New York,2.835114613
Warren,New York,66.83253089
Washington,New York,27.26938539
Wayne,New York,13.13888569
Westchester,New York,0
Wyoming,New York,0
Yates,New York,0
Alamance,North Carolina,152.5733381
Forrest,Mississippi,0
Franklin,Mississippi,0
Beaufort,North Carolina,0
Bertie,North Carolina,0
George,Mississippi,0
Greene,Mississippi,0
Forsyth,North Carolina,0
Franklin,North Carolina,44.08175027
Gaston,North Carolina,0
Gates,North Carolina,54.86555267
Graham,North Carolina,0
Granville,North Carolina,0
Greene,North Carolina,0
Guilford,North Carolina,0
Halifax,North Carolina,279.9055922
Harnett,North Carolina,0
Grenada,Mississippi,99.27408483
Hancock,Mississippi,0
Harrison,Mississippi,0
Hinds,Mississippi,0
Holmes,Mississippi,0
Humphreys,Mississippi,0
Issaquena,Mississippi,0
Hertford,North Carolina,0
Hoke,North Carolina,0
Hyde,North Carolina,11.00916923
Iredell,North Carolina,7.727828306
Jackson,North Carolina,0
Johnston,North Carolina,334.2189961
Jones,North Carolina,0
Lee,North Carolina,0
Lenoir,North Carolina,0
Lincoln,North Carolina,22.73951228
McDowell,North Carolina,0
Macon,North Carolina,13.01493394
Madison,North Carolina,0
Itawamba,Mississippi,81.80815617
Jackson,Mississippi,0
Nash,North Carolina,0
New Hanover,North Carolina,0
Northampton,North Carolina,0
Onslow,North Carolina,0
Jasper,Mississippi,0
Pender,North Carolina,32.13730873
Perquimans,North Carolina,0
Jones,Mississippi,0
Swain,North Carolina,0
Transylvania,North Carolina,0
Tyrrell,North Carolina,0
Kemper,Mississippi,0
Vance,North Carolina,0
Wake,North Carolina,0
Warren,North Carolina,40.70124794
Washington,North Carolina,0
Watauga,North Carolina,0.355741528
Wayne,North Carolina,0
Wilkes,North Carolina,115.7258628
Wilson,North Carolina,0
Yadkin,North Carolina,0
Yancey,North Carolina,38.56026314
Lamar,Mississippi,0
Lauderdale,Mississippi,0
Lawrence,Mississippi,296.2446867
Leake,Mississippi,0
Lincoln,Mississippi,29.50051692
Lowndes,Mississippi,92.73844701
Madison,Mississippi,0
Rogers,Oklahoma,0
Seminole,Oklahoma,0
Sequoyah,Oklahoma,0
Stephens,Oklahoma,0
Texas,Oklahoma,0
Tillman,Oklahoma,0
Tulsa,Oklahoma,0
Wagoner,Oklahoma,0
Washington,Oklahoma,0
Washita,Oklahoma,0
Woods,Oklahoma,0
Woodward,Oklahoma,0
Marion,Mississippi,130.1493394
Marshall,Mississippi,0
Neshoba,Mississippi,0
Klamath,Oregon,161.2499607
Lake,Oregon,0
Lane,Oregon,1168.526969
Lincoln,Oregon,0
Linn,Oregon,313.1471983
Malheur,Oregon,0
Marion,Oregon,0
Morrow,Oregon,0
Multnomah,Oregon,0
Polk,Oregon,113.2468278
Sherman,Oregon,0
Tillamook,Oregon,255.0025584
Umatilla,Oregon,75.40773844
Newton,Mississippi,0
Butler,Pennsylvania,11.05086209
Cambria,Pennsylvania,33.75994985
Noxubee,Mississippi,243.0581169
Oktibbeha,Mississippi,0
Beaufort,South Carolina,0
Berkeley,South Carolina,0
Calhoun,South Carolina,0
Charleston,South Carolina,0
Cherokee,South Carolina,0
Chester,South Carolina,0
Chesterfield,South Carolina,0
Clarendon,South Carolina,0
Colleton,South Carolina,174.6592866
Darlington,South Carolina,194.4915669
Dillon,South Carolina,0
Dorchester,South Carolina,0
Edgefield,South Carolina,0
Fairfield,South Carolina,0
Panola,Mississippi,0
Pearl River,Mississippi,0
Hampton,South Carolina,0
Horry,South Carolina,0
Jasper,South Carolina,0
Perry,Mississippi,339.1770662
Lancaster,South Carolina,0
Laurens,South Carolina,51.04558505
Lee,South Carolina,0
Lexington,South Carolina,0
McCormick,South Carolina,0
Marion,South Carolina,0
Marlboro,South Carolina,0
Newberry,South Carolina,398.3358568
Oconee,South Carolina,17.68002714
Orangeburg,South Carolina,33.12892275
Pickens,South Carolina,21.44365306
Richland,South Carolina,0
Pike,Mississippi,0
Pontotoc,Mississippi,0
Prentiss,Mississippi,32.21618712
Cannon,Tennessee,0.595982559
Carroll,Tennessee,17.75890553
Carter,Tennessee,10.68238733
Cheatham,Tennessee,12.44024854
Chester,Tennessee,0
Claiborne,Tennessee,0
Clay,Tennessee,0
Cocke,Tennessee,2.059852748
Coffee,Tennessee,5.202593072
Quitman,Mississippi,0
Rankin,Mississippi,0
Decatur,Tennessee,3.826728627
DeKalb,Tennessee,0
Dickson,Tennessee,44.667704
Dyer,Tennessee,0
Fayette,Tennessee,0
Fentress,Tennessee,0
Franklin,Tennessee,0
Gibson,Tennessee,0
Giles,Tennessee,33.32048454
Grainger,Tennessee,62.02094925
Scott,Mississippi,0
Sharkey,Mississippi,0
Simpson,Mississippi,0
Stone,Mississippi,0
Tippah,Mississippi,151.6718708
Union,Mississippi,0
Walthall,Mississippi,0
Ward,Texas,0
Washington,Texas,0
Webb,Texas,0
Wharton,Texas,0
Wayne,Mississippi,229.648791
Webster,Mississippi,0
Wilkinson,Mississippi,47.574936
Box Elder,Utah,0
Cache,Utah,0
Carbon,Utah,0
Daggett,Utah,0
Davis,Utah,0
Duchesne,Utah,1.778144221
Emery,Utah,0
Garfield,Utah,0
Grand,Utah,0
Iron,Utah,14.04035297
Juab,Utah,0
Winston,Mississippi,63.06890497
Addison,Vermont,8.761135182
Yalobusha,Mississippi,0
Yazoo,Mississippi,0
Orange,Vermont,6.966088449
Orleans,Vermont,0
Rutland,Vermont,18.05188239
Washington,Vermont,0
Windham,Vermont,0
Windsor,Vermont,0
Accomack,Virginia,0
Albemarle,Virginia,57.54741784
Alleghany,Virginia,155.1650565
Amelia,Virginia,166.6587644
Amherst,Virginia,36.17137483
Appomattox,Virginia,0
Arlington,Virginia,0
Augusta,Virginia,67.35087458
Bath,Virginia,0
Bedford,Virginia,28.63285466
Bland,Virginia,0
Botetourt,Virginia,0
Brunswick,Virginia,43.03379455
Adair,Missouri,12.65434702
Andrew,Missouri,2.426073832
Charles City,Virginia,0
Charlotte,Virginia,120.3458826
Chesterfield,Virginia,0
Clarke,Virginia,0
Craig,Virginia,0
Culpeper,Virginia,0
Cumberland,Virginia,0
Dickenson,Virginia,0
Dinwiddie,Virginia,0
Essex,Virginia,0
Fairfax,Virginia,0
Fauquier,Virginia,0
Floyd,Virginia,0
Fluvanna,Virginia,0
Franklin,Virginia,127.2195707
Frederick,Virginia,0
Giles,Virginia,0
Atchison,Missouri,0
Audrain,Missouri,6.702409268
Barry,Missouri,11.66273301
Bollinger,Missouri,15.66299409
Boone,Missouri,0.488595269
Buchanan,Missouri,4.350706487
Butler,Missouri,10.34546394
Greensville,Virginia,254.4391414
Halifax,Virginia,0
Hanover,Virginia,77.45857652
Henrico,Virginia,0
Henry,Virginia,0
Caldwell,Missouri,0
Callaway,Missouri,0
Camden,Missouri,5.636424203
Cape Girardeau,Missouri,0
Carroll,Missouri,5.289359298
James City,Virginia,0
King and Queen,Virginia,0
King George,Virginia,0
King William,Virginia,17.5335387
Lancaster,Virginia,0
Lee,Virginia,32.97116597
Loudoun,Virginia,8.202225465
Louisa,Virginia,106.7224583
Lunenburg,Virginia,0
Madison,Virginia,30.05266563
Mathews,Virginia,0
Carter,Missouri,37.45596572
Cass,Missouri,3.567556783
New Kent,Virginia,0
Northampton,Virginia,0
Northumberland,Virginia,0
Nottoway,Virginia,0
Orange,Virginia,0
Page,Virginia,0
Patrick,Virginia,41.71539864
Pittsylvania,Virginia,79.54321961
Powhatan,Virginia,0
Prince Edward,Virginia,0
Prince George,Virginia,0
Prince William,Virginia,0
Pulaski,Virginia,0
Rappahannock,Virginia,0
Richmond,Virginia,98.23739745
Roanoke,Virginia,0
Rockbridge,Virginia,74.33724604
Rockingham,Virginia,6.149133722
Cedar,Missouri,0
Spotsylvania,Virginia,17.00392667
Stafford,Virginia,0
Surry,Virginia,0
Sussex,Virginia,0
Tazewell,Virginia,0
Warren,Virginia,0
Washington,Virginia,0
Westmoreland,Virginia,0
Wise,Virginia,0
Wythe,Virginia,0
York,Virginia,0
Alexandria,Virginia,0
Cooper,Missouri,2.0384429
Crawford,Missouri,45.5466346
Dade,Missouri,0
Dallas,Missouri,5.542896972
Daviess,Missouri,8.37913842
DeKalb,Missouri,0
Dent,Missouri,22.88600071
Douglas,Missouri,8.276596516
Gentry,Missouri,1.0202356
Bedford City,Virginia,0
Grundy,Missouri,9.491323683
Buena Vista,Virginia,0
Charlottesville,Virginia,0
Chesapeake,Virginia,0
Colonial Heights,Virginia,0
Harrison,Missouri,0.904735105
Hickory,Missouri,0
Howard,Missouri,2.996251891
Iron,Missouri,14.27698814
Jackson,Missouri,0
Jasper,Missouri,0
Jefferson,Missouri,0.293427601
Knox,Missouri,0
Lewis,Missouri,3.915748522
McDonald,Missouri,7.725574638
Macon,Missouri,5.705161084
Madison,Missouri,49.19757711
Mercer,Missouri,0.54381014
Moniteau,Missouri,1.068238733
Monroe,Missouri,7.393158576
Newton,Missouri,20.37316065
Nodaway,Missouri,0
Oregon,Missouri,28.91456319
Osage,Missouri,17.33070857
Ozark,Missouri,3.28697509
Pemiscot,Missouri,0
Perry,Missouri,48.29610983
Pettis,Missouri,2.591718446
Pulaski,Missouri,0
Randolph,Missouri,19.32520494
Reynolds,Missouri,46.08751498
Ripley,Missouri,27.29192207
St. Francois,Missouri,0
St. Louis,Missouri,0
Saline,Missouri,0
Schuyler,Missouri,0.633844185
Scotland,Missouri,2.39790298
Scott,Missouri,0
Shannon,Missouri,85.41402531
Covington,Virginia,0
Danville,Virginia,0
Shelby,Missouri,0
Stoddard,Missouri,0
Stone,Missouri,0
Falls Church,Virginia,0
Sullivan,Missouri,0
Wayne,Missouri,17.38705027
Wright,Missouri,7.286109336
St. Louis City,Missouri,0
Beaverhead,Montana,1.130214609
Big Horn,Montana,0
Blaine,Montana,0
Broadwater,Montana,0
Carbon,Montana,0
Daniels,Montana,0
Dawson,Montana,0
Deer Lodge,Montana,0
Fallon,Montana,0
Fergus,Montana,0
Flathead,Montana,259.3972114
Gallatin,Montana,0.531527648
Garfield,Montana,0
Liberty,Montana,0
Lincoln,Montana,1.920125318
McCone,Montana,0
Madison,Montana,1.101931073
Meagher,Montana,0
Mineral,Montana,42.75208602
Missoula,Montana,78.04453025
Musselshell,Montana,1.023278053
Park,Montana,62.95622156
Banner,Nebraska,0
Blaine,Nebraska,0
Custer,Nebraska,0.060308161
Dakota,Nebraska,10.47843036
Deuel,Nebraska,0
Dixon,Nebraska,0
Dodge,Nebraska,0.018401201
Dundy,Nebraska,0
Garfield,Nebraska,0
Grant,Nebraska,0
Greeley,Nebraska,0
Hall,Nebraska,0
Hayes,Nebraska,0
Hitchcock,Nebraska,0
Kimball,Nebraska,0
Logan,Nebraska,0
Loup,Nebraska,0.010222467
McPherson,Nebraska,0
Red Willow,Nebraska,0
Richardson,Nebraska,0
Rock,Nebraska,0
Saline,Nebraska,0.233029293
Sarpy,Nebraska,0
Sherman,Nebraska,0
Thomas,Nebraska,0
Galax,Virginia,0
Valley,Nebraska,0
Wheeler,Nebraska,0
York,Nebraska,0
Churchill,Nevada,0
Douglas,Nevada,0
Elko,Nevada,0
Esmeralda,Nevada,0
Eureka,Nevada,0
Humboldt,Nevada,0
Lander,Nevada,0
Lincoln,Nevada,0
Lyon,Nevada,0
Luna,New Mexico,0
Cortland,New York,4.936660223
Delaware,New York,33.43316795
Dutchess,New York,14.60377003
Erie,New York,4.268447597
Essex,New York,60.2518197
Franklin,New York,7.643315748
Caswell,North Carolina,0
Catawba,North Carolina,46.08751498
Chatham,North Carolina,82.50679331
Cherokee,North Carolina,0
Chowan,North Carolina,0
Clay,North Carolina,0
Cleveland,North Carolina,0
Columbus,North Carolina,444.0853216
Craven,North Carolina,145.0235496
Cumberland,North Carolina,0
Currituck,North Carolina,0
Dare,North Carolina,0
Davidson,North Carolina,32.75706749
Davie,North Carolina,0
Person,North Carolina,31.58516002
Rockingham,North Carolina,17.477197
Stanly,North Carolina,0
Stokes,North Carolina,24.59878856
Surry,North Carolina,55.35009134
Adams,North Dakota,0
Barnes,North Dakota,0.482510365
Benson,North Dakota,0
Billings,North Dakota,0
Bottineau,North Dakota,0.032711994
Bowman,North Dakota,0
Burke,North Dakota,0
Cavalier,North Dakota,0
Dickey,North Dakota,0
Divide,North Dakota,0
Eddy,North Dakota,0
Foster,North Dakota,0
Golden Valley,North Dakota,0
Griggs,North Dakota,0
Hettinger,North Dakota,0
Logan,North Dakota,0
McHenry,North Dakota,0
McIntosh,North Dakota,0
Mercer,North Dakota,0
Morton,North Dakota,0.093020156
Mountrail,North Dakota,0
Nelson,North Dakota,0
Pierce,North Dakota,0
Ransom,North Dakota,0
Renville,North Dakota,0
Rolette,North Dakota,0
Sargent,North Dakota,0
Sheridan,North Dakota,0
Slope,North Dakota,0
Steele,North Dakota,0
Towner,North Dakota,0
Wells,North Dakota,0
Athens,Ohio,5.444862405
Auglaize,Ohio,0
Belmont,Ohio,46.3128818
Brown,Ohio,11.78668476
Butler,Ohio,11.43736619
Champaign,Ohio,2.758489894
Clark,Ohio,0
Clermont,Ohio,0
Clinton,Ohio,0
Darke,Ohio,0
Delaware,Ohio,3.312892275
Erie,Ohio,5.89334238
Fairfield,Ohio,7.274840995
Fayette,Ohio,0
Fulton,Ohio,0
Henry,Ohio,0
Hocking,Ohio,25.82703773
Jackson,Ohio,29.01597826
Logan,Ohio,0
Marion,Ohio,0
Mercer,Ohio,0
Miami,Ohio,0
Morrow,Ohio,0
Paulding,Ohio,0
Perry,Ohio,0
Pickaway,Ohio,0
Preble,Ohio,0
Seneca,Ohio,0
Shelby,Ohio,0
Union,Ohio,0
Van Wert,Ohio,0
Vinton,Ohio,150.9957703
Williams,Ohio,0
Adair,Oklahoma,0
Alfalfa,Oklahoma,0
Beckham,Oklahoma,0
Canadian,Oklahoma,0
Carter,Oklahoma,0
Cherokee,Oklahoma,0
Choctaw,Oklahoma,0
Cimarron,Oklahoma,0
Coal,Oklahoma,0
Craig,Oklahoma,0
Custer,Oklahoma,0
Delaware,Oklahoma,23.65224791
Dewey,Oklahoma,0
Grant,Oklahoma,0
Harmon,Oklahoma,0
Harper,Oklahoma,0
Johnston,Oklahoma,0
Kay,Oklahoma,0
Latimer,Oklahoma,0
Logan,Oklahoma,0
Love,Oklahoma,0
McClain,Oklahoma,0
McCurtain,Oklahoma,267.1723668
McIntosh,Oklahoma,0
Major,Oklahoma,0
Mayes,Oklahoma,0
Nowata,Oklahoma,0
Ottawa,Oklahoma,0
Pawnee,Oklahoma,0
Payne,Oklahoma,0
Pittsburg,Oklahoma,0
Pontotoc,Oklahoma,0
Pottawatomie,Oklahoma,0
Pushmataha,Oklahoma,33.47824132
Columbia,Oregon,244.9737349
Coos,Oregon,269.5387184
Crook,Oregon,0
Curry,Oregon,0
Deschutes,Oregon,1.804061405
Douglas,Oregon,1057.984543
Gilliam,Oregon,0
Grant,Oregon,57.25444098
Harney,Oregon,0
Hood River,Oregon,33.14019109
Cameron,Pennsylvania,48.46513494
Fayette,Pennsylvania,0
Forest,Pennsylvania,0
Franklin,Pennsylvania,58.27986001
Fulton,Pennsylvania,12.98112891
Greene,Pennsylvania,0
Huntingdon,Pennsylvania,45.47902456
Indiana,Pennsylvania,26.86372511
Jefferson,Pennsylvania,69.12000412
Juniata,Pennsylvania,58.48269015
Lackawanna,Pennsylvania,18.7392512
Lancaster,Pennsylvania,22.07468016
Lawrence,Pennsylvania,3.387263326
Lebanon,Pennsylvania,46.72981042
McKean,Pennsylvania,27.23558037
Mercer,Pennsylvania,21.27462794
Mifflin,Pennsylvania,16.41797294
Monroe,Pennsylvania,1.733070857
Montgomery,Pennsylvania,0
Montour,Pennsylvania,0
Northampton,Pennsylvania,0.746189546
Northumberland,Pennsylvania,0
Potter,Pennsylvania,163.6163123
Sullivan,Pennsylvania,4.439726382
Susquehanna,Pennsylvania,10.32518092
Tioga,Pennsylvania,15.50523731
Union,Pennsylvania,17.96173567
Warren,Pennsylvania,21.66901988
Washington,Pennsylvania,0
Wayne,Pennsylvania,17.39831861
Wyoming,Pennsylvania,11.23453605
York,Pennsylvania,15.68553077
Bristol,Rhode Island,0
Kent,Rhode Island,0
Newport,Rhode Island,1.029362957
Providence,Rhode Island,0
Washington,Rhode Island,0
Abbeville,South Carolina,0
Aiken,South Carolina,0
Allendale,South Carolina,436.4228496
Aurora,South Dakota,0
Buffalo,South Dakota,0
Campbell,South Dakota,0
Clark,South Dakota,0
Codington,South Dakota,0
Corson,South Dakota,0
Davison,South Dakota,0
Douglas,South Dakota,0
Faulk,South Dakota,0
Haakon,South Dakota,0
Hamlin,South Dakota,0
Hutchinson,South Dakota,0
Hyde,South Dakota,0
Jerauld,South Dakota,0
Lake,South Dakota,0
Marshall,South Dakota,0
Meade,South Dakota,0
Miner,South Dakota,0
Moody,South Dakota,0
Roberts,South Dakota,0
Sanborn,South Dakota,0
Shannon,South Dakota,0
Spink,South Dakota,0
Stanley,South Dakota,0
Sully,South Dakota,0
Todd,South Dakota,0
Tripp,South Dakota,0
Turner,South Dakota,0
Union,South Dakota,0
Walworth,South Dakota,0
Yankton,South Dakota,0
Ziebach,South Dakota,0
Anderson,Tennessee,0
Bedford,Tennessee,0
Benton,Tennessee,0
Houston,Tennessee,22.59302385
Lake,Tennessee,0
Lauderdale,Tennessee,0
Lawrence,Tennessee,52.60061611
Lewis,Tennessee,24.31708003
Lincoln,Tennessee,47.1918124
Loudon,Tennessee,0
Macon,Tennessee,64.09432401
Madison,Tennessee,25.63547593
Marion,Tennessee,0
Marshall,Tennessee,0
Maury,Tennessee,0
Meigs,Tennessee,0
Monroe,Tennessee,5.993630615
Montgomery,Tennessee,0
Moore,Tennessee,0
Morgan,Tennessee,12.57546863
Obion,Tennessee,12.53039527
Overton,Tennessee,26.44679649
Perry,Tennessee,19.20125318
Pickett,Tennessee,0
Polk,Tennessee,0
Putnam,Tennessee,37.11791548
Rhea,Tennessee,0
Roane,Tennessee,0
Robertson,Tennessee,0
Rutherford,Tennessee,0
Stewart,Tennessee,7.799945689
Trousdale,Tennessee,0
Unicoi,Tennessee,2.41705916
Union,Tennessee,0
Van Buren,Tennessee,12.39517518
Warren,Tennessee,8.246171995
Washington,Tennessee,24.12551823
Wayne,Tennessee,37.94050438
Weakley,Tennessee,5.230763925
White,Tennessee,66.91140927
Andrews,Texas,0
Archer,Texas,0
Armstrong,Texas,0
Bailey,Texas,0
Baylor,Texas,0
Blanco,Texas,0
Borden,Texas,0
Briscoe,Texas,0
Brooks,Texas,0
Callahan,Texas,0
Carson,Texas,0
Castro,Texas,0
Childress,Texas,0
Cochran,Texas,0
Coke,Texas,0
Collingsworth,Texas,0
Comanche,Texas,0
Coryell,Texas,0
Cottle,Texas,0
Crosby,Texas,0
Dallam,Texas,0
Dawson,Texas,0
Deaf Smith,Texas,0
Dickens,Texas,0
Dimmit,Texas,0
Donley,Texas,0
Eastland,Texas,0
Ector,Texas,0
Falls,Texas,0
Fayette,Texas,0
Fisher,Texas,0
Floyd,Texas,0
Frio,Texas,0
Gaines,Texas,0
Garza,Texas,0
Gillespie,Texas,0
Glasscock,Texas,0
Gray,Texas,0
Grimes,Texas,0
Guadalupe,Texas,0
Hale,Texas,0
Hall,Texas,0
Hamilton,Texas,0
Hansford,Texas,0
Hartley,Texas,0
Haskell,Texas,0
Hemphill,Texas,0
Hockley,Texas,0
Hood,Texas,0
Howard,Texas,0
Hutchinson,Texas,0
Irion,Texas,0
Jack,Texas,0
Jackson,Texas,0
Jim Hogg,Texas,0
Jones,Texas,0
Kent,Texas,0
Kerr,Texas,0
Kimble,Texas,0
King,Texas,0
Lamb,Texas,0
La Salle,Texas,0
Limestone,Texas,0
Lipscomb,Texas,0
Lubbock,Texas,0
Lynn,Texas,0
McMullen,Texas,0
Martin,Texas,0
Mason,Texas,0
Menard,Texas,0
Midland,Texas,0
Mitchell,Texas,0
Moore,Texas,0
Motley,Texas,0
Nolan,Texas,0
Ochiltree,Texas,0
Oldham,Texas,0
Parmer,Texas,0
Potter,Texas,0
Rains,Texas,0
Randall,Texas,0
Reagan,Texas,0
Roberts,Texas,0
Rockwall,Texas,0
Runnels,Texas,0
Schleicher,Texas,0
Scurry,Texas,0
Shackelford,Texas,0
Sherman,Texas,0
Somervell,Texas,0
Stephens,Texas,0
Sterling,Texas,0
Stonewall,Texas,0
Sutton,Texas,0
Swisher,Texas,0
Taylor,Texas,0
Terry,Texas,0
Throckmorton,Texas,0
Upton,Texas,0
Uvalde,Texas,0
Wheeler,Texas,0
Winkler,Texas,0
Yoakum,Texas,0
Young,Texas,0
Zavala,Texas,0
Beaver,Utah,0
Bennington,Vermont,7.605003388
Caledonia,Vermont,10.67224583
Chittenden,Vermont,4.381131008
Essex,Vermont,13.55581431
Franklin,Vermont,0
Emporia,Virginia,0
Fairfax City,Virginia,0
Franklin City,Virginia,0
Harrisonburg,Virginia,0
Lexington,Virginia,0
Manassas,Virginia,0
Manassas Park,Virginia,0
Staunton,Virginia,0
Martinsville,Virginia,0
Norton,Virginia,0
Petersburg,Virginia,0
Poquoson,Virginia,0
Brown,Wisconsin,8.71944232
Buffalo,Wisconsin,14.91928358
Portsmouth,Virginia,0
Chippewa,Wisconsin,23.68605293
Clark,Wisconsin,31.94574693
Columbia,Wisconsin,2.246907209
Crawford,Wisconsin,26.61582161
Dane,Wisconsin,1.183175812
Radford,Virginia,0
Waynesboro,Virginia,0
Winchester,Virginia,0
Adams,Washington,0
Asotin,Washington,0
Benton,Washington,0
Chelan,Washington,0
Clallam,Washington,163.9543626
Clark,Washington,0
Columbia,Washington,0
Cowlitz,Washington,501.6665444
Douglas,Washington,0
Ferry,Washington,0
Franklin,Washington,0
Garfield,Washington,0
Grant,Washington,0
Grays Harbor,Washington,476.5381439
Island,Washington,0
Jefferson,Washington,0
King,Washington,0.048048206
Kitsap,Washington,0
Kittitas,Washington,0
Wahkiakum,Washington,0
Yakima,Washington,85.70700218
Barbour,West Virginia,9.949945165
Berkeley,West Virginia,0
Boone,West Virginia,68.16219513
Braxton,West Virginia,99.52198833
Washakie,Wyoming,0.192237899
Weston,Wyoming,0
Adjuntas,Puerto Rico,0
Aguada,Puerto Rico,0
Aguadilla,Puerto Rico,0
Aguas Buenas,Puerto Rico,0
Aibonito,Puerto Rico,0
Anasco,Puerto Rico,0
Arecibo,Puerto Rico,0
Arroyo,Puerto Rico,0
Barceloneta,Puerto Rico,0
Barranquitas,Puerto Rico,0
Bayamon,Puerto Rico,0
Cabo Rojo,Puerto Rico,0
Caguas,Puerto Rico,0
Camuy,Puerto Rico,0
Canovanas,Puerto Rico,0
Carolina,Puerto Rico,0
Catano,Puerto Rico,0
Cayey,Puerto Rico,0
Ceiba,Puerto Rico,0
Ciales,Puerto Rico,0
Cidra,Puerto Rico,0
Coamo,Puerto Rico,0
Comerio,Puerto Rico,0
Corozal,Puerto Rico,0
Culebra,Puerto Rico,0
Brooke,West Virginia,0
Cabell,West Virginia,14.81786851
Calhoun,West Virginia,6.560428171
Clay,West Virginia,58.07702987
Doddridge,West Virginia,23.22405095
Fayette,West Virginia,67.79033988
Gilmer,West Virginia,0
Grant,West Virginia,0
Greenbrier,West Virginia,0
Hampshire,West Virginia,9.55893373
Hancock,West Virginia,0
Hardy,West Virginia,35.86712963
Harrison,West Virginia,0
Jackson,West Virginia,38.95465508
Jefferson,West Virginia,0
Kanawha,West Virginia,0
Lewis,West Virginia,0
Lincoln,West Virginia,0
Logan,West Virginia,0
McDowell,West Virginia,0
Marion,West Virginia,0
Marshall,West Virginia,0
Mason,West Virginia,0
Mercer,West Virginia,136.910344
Ohio,West Virginia,0
Pendleton,West Virginia,0
Pleasants,West Virginia,0
Pocahontas,West Virginia,75.28378669
Preston,West Virginia,75.35139674
Putnam,West Virginia,0
Raleigh,West Virginia,0
Randolph,West Virginia,145.8123334
Ritchie,West Virginia,8.816350053
Roane,West Virginia,2.5736891
Summers,West Virginia,0
Taylor,West Virginia,0
Barron,Wisconsin,18.26598087
Eau Claire,Wisconsin,2.092530937
Florence,Wisconsin,29.54559029
Fond du Lac,Wisconsin,0
Forest,Wisconsin,31.29218315
Grant,Wisconsin,10.37588846
Rincon,Puerto Rico,0
Rio Grande,Puerto Rico,0
Sabana Grande,Puerto Rico,0
Salinas,Puerto Rico,0
San German,Puerto Rico,0
San Juan,Puerto Rico,0
San Lorenzo,Puerto Rico,0
San Sebastian,Puerto Rico,0
Santa Isabel,Puerto Rico,0
Green,Wisconsin,0
Vega Alta,Puerto Rico,0
Vega Baja,Puerto Rico,0
Vieques,Puerto Rico,0
Villalba,Puerto Rico,0
Yabucoa,Puerto Rico,0
Green Lake,Wisconsin,0
La Crosse,Wisconsin,0
Lafayette,Wisconsin,0
Langlade,Wisconsin,62.99002658
Lincoln,Wisconsin,76.53457255
Marquette,Wisconsin,3.994626909
Menominee,Wisconsin,41.9520338
Pepin,Wisconsin,0
Portage,Wisconsin,29.17373503
Price,Wisconsin,160.3484934
Rusk,Wisconsin,0
Sawyer,Wisconsin,69.86371463
Taylor,Wisconsin,10.36574695
Washburn,Wisconsin,0
Waukesha,Wisconsin,0
Waupaca,Wisconsin,23.96776146
Waushara,Wisconsin,0
Winnebago,Wisconsin,0
Wood,Wisconsin,262.3269801
Albany,Wyoming,1.993369535
Big Horn,Wyoming,0
Campbell,Wyoming,0
Carbon,Wyoming,0.260636729
Converse,Wyoming,0
Crook,Wyoming,46.07624664
Fremont,Wyoming,0
Goshen,Wyoming,0
Hot Springs,Wyoming,0
Johnson,Wyoming,1.023278053
Laramie,Wyoming,0
Lincoln,Wyoming,0
Uinta,Wyoming,15.62918906
Florida,Puerto Rico,0
Guanica,Puerto Rico,0
Guayama,Puerto Rico,0
Guayanilla,Puerto Rico,0
Guaynabo,Puerto Rico,0
Gurabo,Puerto Rico,0
Hatillo,Puerto Rico,0
Hormigueros,Puerto Rico,0
Humacao,Puerto Rico,0
Isabela,Puerto Rico,0
Jayuya,Puerto Rico,0
Juana Diaz,Puerto Rico,0
Juncos,Puerto Rico,0
Lajas,Puerto Rico,0
Lares,Puerto Rico,0
Las Marias,Puerto Rico,0
Las Piedras,Puerto Rico,0
Loiza,Puerto Rico,0
Luquillo,Puerto Rico,0
Manati,Puerto Rico,0
Maricao,Puerto Rico,0
Maunabo,Puerto Rico,0
Mayaguez,Puerto Rico,0
Moca,Puerto Rico,0
Morovis,Puerto Rico,0
Naguabo,Puerto Rico,0
